first_name,second_name,goals_scored,assists,total_points,minutes,goals_conceded,creativity,influence,threat,bonus,bps,ict_index,clean_sheets,red_cards,yellow_cards,selected_by_percent,now_cost,element_type
Granit,Xhaka,7,8,153,2992,35,675.5,715.0,556.0,15,634,194.8,13,0,4,2.7,48,MID
Mohamed,Elneny,0,0,6,111,2,5.4,4.6,0.0,0,27,1.1,0,0,0,0.6,41,MID
Rob,Holding,1,0,21,562,13,10.3,152.0,54.0,0,120,21.6,0,0,0,0.2,42,DEF
Thomas,Partey,3,0,86,2480,28,444.1,526.6,242.0,6,468,121.5,11,0,5,0.4,47,MID
Martin,Ødegaard,15,8,212,3132,38,1140.3,971.8,934.0,30,813,304.9,13,0,4,33.3,69,MID
Kieran,Tierney,0,1,37,774,10,86.1,144.6,67.0,0,164,30.0,1,0,0,0.8,46,DEF
Nicolas,Pépé,0,0,0,0,0,0.0,0.0,0.0,0,0,0.0,0,0,0,0.1,53,MID
Benjamin,White,2,5,156,3054,35,492.5,655.4,159.0,12,734,130.8,15,0,5,16.1,50,DEF
Eddie,Nketiah,4,2,63,1071,16,128.5,213.4,607.0,5,161,93.8,2,0,3,1.8,63,FWD
Emile,Smith Rowe,0,2,18,161,5,74.4,53.8,41.0,0,60,16.7,0,0,0,0.4,56,MID
Bukayo,Saka,14,12,202,3183,42,1106.1,1014.2,1214.0,19,678,333.4,12,0,6,25.6,80,MID
Takehiro,Tomiyasu,0,1,32,651,11,86.6,137.0,55.0,0,173,27.7,2,0,2,0.5,42,DEF
Aaron,Ramsdale,0,0,143,3420,43,0.0,764.8,0.0,9,664,76.5,14,0,1,11.4,48,GK
Gabriel,dos Santos Magalhães,3,0,146,3409,43,131.4,743.8,401.0,15,723,127.7,14,0,5,13.4,52,DEF
Nuno,Varela Tavares,0,0,0,0,0,0.0,0.0,0.0,0,0,0.0,0,0,0,0.0,45,DEF
Gabriel,Martinelli Silva,15,9,198,2789,33,838.1,844.2,1300.0,18,648,298.1,14,0,3,26.3,65,MID
Pablo,Marí Villar,0,0,0,0,0,0.0,0.0,0.0,0,0,0.0,0,0,0,0.0,45,DEF
Lucas,Torreira di Pascua,0,0,0,0,0,0.0,0.0,0.0,0,0,0.0,0,0,0,0.1,45,MID
Reiss,Nelson,3,3,42,202,3,121.9,179.8,178.0,5,127,48.0,1,0,0,0.0,47,MID
Matt,Turner,0,0,0,0,0,0.0,0.0,0.0,0,0,0.0,0,0,0,1.4,38,GK
Fábio,Ferreira Vieira,1,2,40,500,5,180.6,116.0,123.0,2,134,41.5,2,0,0,0.1,56,MID
William,Saliba,2,1,117,2415,25,100.8,529.0,114.0,14,571,74.5,12,0,4,15.6,49,DEF
Marcus,Oliveira Alencar,0,0,1,1,0,0.2,0.0,0.0,0,3,0.0,0,0,0,0.1,46,MID
Gabriel,Fernando de Jesus,11,7,125,2064,23,427.8,660.6,1331.0,17,401,241.9,9,0,6,28.3,81,FWD
Leandro,Trossard,8,13,154,2237,38,711.4,666.0,875.0,8,494,225.2,8,0,1,7.2,66,MID
Jorge Luiz,Frello Filho,2,2,79,2127,23,261.4,400.4,98.0,5,379,76.1,9,0,4,1.9,57,MID
Oleksandr,Zinchenko,1,2,99,2122,28,387.7,405.0,190.0,8,500,98.3,10,0,3,9.0,50,DEF
Matthew,Smith,0,0,0,0,0,0.0,0.0,0.0,0,0,0.0,0,0,0,0.1,44,MID
Ethan,Nwaneri,0,0,1,1,0,0.0,0.0,0.0,0,3,0.0,0,0,0,0.0,45,MID
Lino,Sousa,0,0,0,0,0,0.0,0.0,0.0,0,0,0.0,0,0,0,0.1,40,DEF
Karl,Hein,0,0,0,0,0,0.0,0.0,0.0,0,0,0.0,0,0,0,0.0,39,GK
Amario,Cozier-Duberry,0,0,0,0,0,0.0,0.0,0.0,0,0,0.0,0,0,0,0.0,45,MID
Nathan,Butler-Oyedeji,0,0,0,0,0,0.0,0.0,0.0,0,0,0.0,0,0,0,0.0,45,FWD
Jakub,Kiwior,1,0,26,425,6,17.9,98.6,21.0,1,111,13.9,2,0,0,0.3,40,DEF
Reuell,Walters,0,0,0,0,0,0.0,0.0,0.0,0,0,0.0,0,0,0,0.0,40,DEF
Mauro,Bandeira,0,0,0,0,0,0.0,0.0,0.0,0,0,0.0,0,0,0,0.0,45,MID
Philippe,Coutinho Correia,1,0,32,777,9,152.5,119.2,218.0,1,98,48.8,3,0,3,2.9,66,MID
Emiliano,Martínez Romero,0,0,135,3139,38,23.0,835.2,0.0,15,678,85.7,11,0,7,6.6,50,GK
Calum,Chambers,0,0,13,345,4,29.8,74.4,8.0,0,67,11.1,0,0,2,0.2,42,DEF
Lucas,Digne,1,0,50,1492,25,305.5,277.6,97.0,4,234,68.1,3,0,5,1.2,45,DEF
Bertrand,Traoré,2,0,20,226,1,30.7,82.0,79.0,1,57,19.0,1,0,1,0.1,49,MID
Robin,Olsen,0,0,10,280,8,0.0,83.2,0.0,1,62,8.2,1,0,0,1.4,39,GK
Morgan,Sanson,0,0,2,10,1,0.5,4.2,0.0,0,6,0.4,0,0,0,0.2,43,MID
John,McGinn,1,5,90,2692,31,353.6,382.0,347.0,3,354,108.3,10,0,7,0.6,51,MID
Kortney,Hause,0,0,0,0,0,0.0,0.0,0.0,0,0,0.0,0,0,0,0.0,44,DEF
Tyrone,Mings,1,3,130,3150,40,88.2,664.4,121.0,17,617,87.8,12,0,7,12.5,47,DEF
Ollie,Watkins,15,8,175,3129,40,420.3,837.6,1308.0,25,550,256.7,13,0,4,12.8,73,FWD
Marvelous,Nakamba,0,0,0,0,0,0.0,0.0,0.0,0,0,0.0,0,0,0,0.1,43,MID
Emiliano,Buendía Stati,5,3,117,2404,34,559.9,441.6,582.0,8,370,158.5,11,0,0,0.7,57,MID
Matty,Cash,0,2,57,1817,29,178.3,303.0,67.0,3,311,54.9,4,0,4,3.1,46,DEF
Ezri,Konsa Ngoyo,0,0,110,3322,45,116.2,568.4,72.0,6,633,75.7,12,0,6,1.0,44,DEF
Leon,Bailey,4,5,100,1964,32,452.8,339.6,540.0,6,242,132.8,8,0,4,2.7,43,MID
Douglas Luiz,Soares de Paulo,6,7,142,2922,35,668.6,698.4,261.0,17,594,162.7,13,1,6,1.0,48,MID
Jacob,Ramsey,6,8,135,2634,33,537.8,653.4,456.0,13,470,164.7,11,0,5,1.5,51,MID
Tim,Iroegbunam,0,0,0,0,0,0.0,0.0,0.0,0,0,0.0,0,0,0,0.0,45,MID
Diego Carlos,Santos Silva,0,0,4,205,3,13.2,24.8,32.0,0,20,7.0,0,0,0,0.2,47,DEF
Anwar,El Ghazi,0,0,0,0,0,0.0,0.0,0.0,0,0,0.0,0,0,0,0.0,48,MID
Keinan,Davis,0,0,0,0,0,0.0,0.0,0.0,0,0,0.0,0,0,0,0.0,54,FWD
Boubacar,Kamara,0,1,44,1773,30,124.7,288.2,43.0,0,235,45.7,3,0,4,0.1,48,MID
Cameron,Archer,0,0,6,43,1,2.4,1.8,6.0,0,13,0.9,0,0,0,1.7,42,FWD
Jaden,Philogene-Bidace,0,0,0,0,0,0.0,0.0,0.0,0,0,0.0,0,0,0,0.0,45,MID
Frédéric,Guilbert,0,0,0,0,0,0.0,0.0,0.0,0,0,0.0,0,0,0,0.6,39,DEF
Leander,Dendoncker,0,0,37,897,14,96.1,143.4,64.0,0,163,30.6,4,0,0,0.1,47,MID
Ludwig,Augustinsson,0,0,2,76,0,1.9,5.6,35.0,0,5,4.2,0,0,1,0.0,43,DEF
Kaine,Kesler Hayden,0,0,0,0,0,0.0,0.0,0.0,0,0,0.0,0,0,0,0.0,40,DEF
Ashley,Young,1,0,87,2031,28,223.4,380.2,81.0,8,388,68.7,9,0,7,0.8,43,DEF
Lamare,Bogarde,0,0,0,0,0,0.0,0.0,0.0,0,0,0.0,0,0,0,0.0,40,DEF
Filip,Marschall,0,0,0,0,0,0.0,0.0,0.0,0,0,0.0,0,0,0,0.0,40,GK
Kadan,Young,0,0,0,0,0,0.0,0.0,0.0,0,0,0.0,0,0,0,0.0,45,MID
Alexandre,Moreno Lopera,0,3,72,1325,10,321.1,254.4,151.0,5,278,72.3,7,0,3,2.1,45,DEF
Viljami,Sinisalo,0,0,0,0,0,0.0,0.0,0.0,0,0,0.0,0,0,0,0.0,40,GK
Jhon,Durán,0,0,11,126,4,13.4,12.8,51.0,0,15,7.4,0,0,1,0.0,55,FWD
Sil,Swinkels,0,0,0,0,0,0.0,0.0,0.0,0,0,0.0,0,0,0,0.0,40,DEF
Oliwier,Zych,0,0,0,0,0,0.0,0.0,0.0,0,0,0.0,0,0,0,0.0,40,GK
James,Wright,0,0,0,0,0,0.0,0.0,0.0,0,0,0.0,0,0,0,0.0,40,GK
Sebastian,Revan,0,0,0,0,0,0.0,0.0,0.0,0,0,0.0,0,0,0,0.0,40,DEF
Travis,Patterson,0,0,0,0,0,0.0,0.0,0.0,0,0,0.0,0,0,0,0.0,45,MID
Tommi,O'Reilly,0,0,0,0,0,0.0,0.0,0.0,0,0,0.0,0,0,0,0.0,45,MID
Adam,Smith,0,1,74,2940,58,276.9,416.6,88.0,5,400,78.3,7,0,11,0.2,43,DEF
Junior,Stanislas,0,0,4,58,1,22.9,10.0,7.0,0,13,3.9,0,0,0,0.0,48,MID
Ryan,Fredericks,0,0,12,527,11,26.7,66.0,12.0,0,63,10.6,0,0,1,0.0,44,DEF
David,Brooks,0,0,5,170,4,28.8,17.6,42.0,0,7,8.7,0,0,1,0.0,53,MID
Jamal,Lowe,0,0,2,11,0,0.3,0.2,0.0,0,6,0.1,0,0,0,0.0,52,MID
Kieffer,Moore,4,0,57,1269,34,100.1,219.4,280.0,3,161,59.5,3,0,1,0.7,49,FWD
Emiliano,Marcondes,0,0,1,8,1,0.0,1.2,0.0,0,3,0.1,0,0,0,0.0,47,MID
Jefferson,Lerma Solís,5,0,101,3252,67,296.4,619.2,312.0,5,500,122.7,7,0,7,0.5,47,MID
Jack,Stacey,0,0,6,293,10,8.6,44.2,8.0,0,36,6.0,0,0,2,0.0,42,DEF
Dominic,Solanke,6,10,130,2865,52,282.1,528.8,1053.0,14,339,185.7,8,0,2,3.6,56,FWD
Lewis,Cook,0,2,51,1712,39,352.5,313.0,45.0,1,280,71.2,3,0,4,0.1,49,MID
Ben,Pearson,0,0,9,282,10,6.4,21.0,9.0,0,32,3.7,1,0,1,0.1,44,MID
Ryan,Christie,1,2,64,1825,35,423.5,284.2,402.0,2,225,111.1,3,0,2,0.1,53,MID
Philip,Billing,7,2,126,2766,54,401.1,637.4,445.0,14,475,148.4,9,0,5,0.9,50,MID
Chris,Mepham,0,0,43,2197,52,54.4,556.4,134.0,6,369,74.4,5,0,7,0.1,43,DEF
Mark,Travers,0,0,28,1035,32,0.0,290.0,0.0,1,193,29.1,2,0,0,0.4,41,GK
Lloyd,Kelly,0,2,60,2040,38,114.0,419.8,26.0,5,372,56.3,5,0,3,0.5,43,DEF
Siriki,Dembélé,0,0,6,104,2,52.3,31.8,28.0,0,20,11.3,0,0,0,0.1,47,MID
Jaidon,Anthony,3,1,61,1241,29,209.3,308.6,263.0,4,193,78.1,2,0,2,0.1,52,MID
Jordan,Zemura,0,1,47,1452,31,232.8,269.4,71.0,1,235,57.1,5,0,1,0.1,42,DEF
Will,Dennis,0,0,0,0,0,0.0,0.0,0.0,0,0,0.0,0,0,0,0.4,39,GK
Jack,Stephens,0,0,35,1218,24,57.3,270.0,51.0,1,233,38.0,4,0,3,0.0,43,DEF
Joe,Rothwell,0,1,33,1010,15,153.3,127.4,27.0,0,167,30.6,3,0,1,0.0,49,MID
Marcus,Tavernier,5,4,94,1740,37,348.4,459.8,436.0,12,315,124.2,5,0,1,0.2,47,MID
James,Hill,0,0,0,0,0,0.0,0.0,0.0,0,0,0.0,0,0,0,0.0,44,DEF
Darren,Randolph,0,0,0,0,0,0.0,0.0,0.0,0,0,0.0,0,0,0,0.1,40,GK
Norberto,Murara Neto,0,0,93,2385,39,0.0,727.6,0.0,9,510,72.8,6,0,4,0.6,45,GK
Marcos,Senesi,2,0,69,2489,55,79.1,602.2,113.0,5,462,79.6,5,0,7,0.2,44,DEF
Christian,Saydee,0,0,0,0,0,0.0,0.0,0.0,0,0,0.0,0,0,0,0.0,45,FWD
Owen,Bevan,0,0,1,8,1,0.0,0.2,0.0,0,3,0.0,0,0,0,0.0,40,DEF
Cameron,Plain,0,0,0,0,0,0.0,0.0,0.0,0,0,0.0,0,0,0,0.0,40,GK
Daniel,Adu-Adjei,0,0,0,0,0,0.0,0.0,0.0,0,0,0.0,0,0,0,0.0,45,FWD
Michael,Dacosta Gonzalez,0,0,0,0,0,0.0,0.0,0.0,0,0,0.0,0,0,0,0.0,44,MID
Dominic,Sadi,0,0,0,0,0,0.0,0.0,0.0,0,0,0.0,0,0,0,0.0,45,FWD
Dango,Ouattara,1,3,49,1239,23,262.5,280.8,283.0,4,163,82.5,1,0,1,0.0,50,MID
Euan,Pollock,0,0,0,0,0,0.0,0.0,0.0,0,0,0.0,0,0,0,0.0,45,FWD
Antoine,Semenyo,1,0,18,250,6,26.5,50.0,32.0,1,56,10.7,0,0,0,0.0,50,FWD
Matías,Viña,2,0,28,452,10,28.5,163.8,99.0,0,93,29.2,1,0,1,0.1,45,DEF
Illia,Zabarnyi,0,0,7,297,5,1.4,58.0,0.0,0,54,5.8,0,0,0,0.0,45,DEF
Hamed,Traorè,0,0,14,425,8,218.5,84.0,36.0,0,60,33.8,2,0,0,0.0,45,MID
Ben,Greenwood,0,0,0,0,0,0.0,0.0,0.0,0,0,0.0,0,0,0,0.0,40,DEF
Max,Kinsey-Wellings,0,0,0,0,0,0.0,0.0,0.0,0,0,0.0,0,0,0,0.0,40,DEF
Pontus,Jansson,1,0,29,722,14,2.5,176.2,53.0,0,147,23.4,2,0,0,0.3,42,DEF
Christian,Nørgaard,1,6,71,1763,23,173.7,379.2,269.0,6,309,82.3,6,0,6,0.2,53,MID
Ivan,Toney,20,4,182,2953,42,424.3,926.8,1240.0,35,607,258.7,10,0,9,18.2,71,FWD
David,Raya Martin,0,0,166,3420,46,20.1,1146.0,4.0,20,822,117.3,12,0,1,14.4,48,GK
Sergi,Canós Tenés,0,0,5,73,2,13.5,7.0,6.0,0,14,2.8,0,0,0,0.1,50,DEF
Josh,Dasilva,4,2,81,1371,17,208.5,305.8,182.0,3,274,69.6,5,0,1,3.8,41,MID
Kristoffer,Ajer,0,0,29,763,14,24.7,96.8,27.0,0,129,15.1,4,0,0,0.1,45,DEF
Rico,Henry,0,3,112,3240,46,411.5,460.0,197.0,4,505,107.0,11,0,4,2.6,44,DEF
Vitaly,Janelt,3,1,85,2201,28,258.8,411.2,243.0,5,357,91.3,8,0,3,0.1,55,MID
Saman,Ghoddos,0,0,15,124,5,62.9,27.2,21.0,0,53,11.1,0,0,0,0.0,48,MID
Mathias,Jensen,5,7,132,2805,40,787.9,644.0,208.0,11,498,164.1,10,0,5,1.8,48,MID
Yoane,Wissa,7,4,111,1587,17,185.3,366.2,424.0,6,292,96.8,7,0,3,0.3,53,MID
Mads,Roerslev Rasmussen,0,0,48,1101,12,120.7,167.6,46.0,0,201,33.4,5,0,0,0.1,43,DEF
Mads,Bech Sørensen,0,0,4,18,0,0.2,2.6,0.0,0,12,0.2,0,0,0,0.0,45,DEF
Ethan,Pinnock,3,0,112,2700,34,110.1,840.8,319.0,6,575,127.2,10,0,0,0.9,44,DEF
Frank,Onyeka,0,3,38,837,11,93.7,136.4,111.0,0,111,34.2,3,0,0,0.0,48,MID
Shandon,Baptiste,0,2,29,600,6,144.5,112.8,54.0,0,123,31.2,1,1,1,0.2,45,MID
Bryan,Mbeumo,9,9,150,2905,39,808.6,692.6,895.0,19,556,239.5,10,0,5,4.0,57,FWD
Charlie,Goode,0,0,0,0,0,0.0,0.0,0.0,0,0,0.0,0,0,0,0.4,39,DEF
Marcus,Forss,0,0,0,0,0,0.0,0.0,0.0,0,0,0.0,0,0,0,0.0,45,FWD
Dominic,Thompson,0,0,0,0,0,0.0,0.0,0.0,0,0,0.0,0,0,0,0.0,40,DEF
Mads,Bidstrup,0,0,0,0,0,0.0,0.0,0.0,0,0,0.0,0,0,0,0.0,45,MID
Ellery,Balcombe,0,0,0,0,0,0.0,0.0,0.0,0,0,0.0,0,0,0,0.0,40,GK
Aaron,Hickey,0,3,63,1918,30,120.7,227.4,102.0,2,310,45.1,5,0,7,0.3,49,DEF
Keane,Lewis-Potter,0,1,14,313,4,64.0,42.0,114.0,0,37,21.9,0,0,0,0.0,52,MID
Thomas,Strakosha,0,0,0,0,0,0.0,0.0,0.0,0,0,0.0,0,0,0,0.1,43,GK
Ben,Mee,3,2,143,3269,40,103.1,780.6,336.0,11,643,122.2,12,0,2,14.4,48,DEF
Fin,Stevens,0,0,0,0,0,0.0,0.0,0.0,0,0,0.0,0,0,0,0.1,40,DEF
Halil,Dervişoğlu,0,1,4,6,0,0.0,0.0,10.0,0,11,1.0,0,0,0,0.5,45,FWD
Mikkel,Damsgaard,0,0,33,970,14,172.1,140.2,152.0,0,131,46.5,3,0,4,0.1,50,MID
Mathias,Jorgensen,0,1,45,1097,15,39.4,203.2,54.0,4,191,30.0,4,0,2,0.9,39,DEF
Ryan,Trevitt,0,0,0,0,0,0.0,0.0,0.0,0,0,0.0,0,0,0,0.0,44,MID
Matthew,Cox,0,0,0,0,0,0.0,0.0,0.0,0,0,0.0,0,0,0,0.0,39,GK
Tristan,Crama,0,0,0,0,0,0.0,0.0,0.0,0,0,0.0,0,0,0,0.0,40,DEF
Yegor,Yarmolyuk,0,0,0,0,0,0.0,0.0,0.0,0,0,0.0,0,0,0,0.0,45,MID
Kevin,Schade,0,1,29,723,7,115.5,74.4,209.0,0,76,39.8,3,0,2,0.0,49,MID
Michael,Olakigbe,0,0,0,0,0,0.0,0.0,0.0,0,0,0.0,0,0,0,0.0,45,MID
Adam,Lallana,2,1,47,717,10,186.7,144.2,152.0,4,146,48.5,5,0,0,0.1,48,MID
Jason,Steele,0,1,65,1350,23,13.0,377.6,0.0,8,332,39.1,6,0,1,6.0,40,GK
Danny,Welbeck,6,5,91,1844,28,390.6,378.2,782.0,5,296,155.4,6,0,0,2.1,65,FWD
Pascal,Groß,9,8,159,3240,51,1227.5,918.6,582.0,14,748,273.2,11,0,7,11.0,54,MID
Lewis,Dunk,1,1,112,3240,50,163.6,661.4,198.0,7,648,102.4,12,0,4,8.2,48,DEF
Solly,March,6,10,147,2719,40,965.8,791.8,955.0,16,559,271.4,10,0,2,4.4,52,MID
Adam,Webster,0,0,75,1983,27,104.3,361.8,126.0,3,405,59.2,9,0,2,0.5,45,DEF
Joël,Veltman,1,1,95,2183,29,201.3,407.2,162.0,6,447,77.4,10,0,6,2.4,46,DEF
Robert,Sánchez,0,0,82,2070,30,0.1,439.0,0.0,10,380,43.9,6,0,2,7.6,44,GK
Tariq,Lamptey,0,0,23,439,7,87.2,70.6,48.0,0,91,20.6,1,0,1,0.9,42,DEF
Steven,Alzate,0,0,0,0,0,0.0,0.0,0.0,0,0,0.0,0,0,0,0.1,44,MID
Alexis,Mac Allister,10,2,140,2882,45,746.4,750.8,714.0,18,567,221.3,10,0,8,14.7,56,MID
Jakub,Moder,0,0,0,0,0,0.0,0.0,0.0,0,0,0.0,0,0,0,0.0,44,MID
Enock,Mwepu,0,1,11,209,4,39.0,48.8,34.0,0,29,12.2,0,0,0,0.0,53,MID
Jeremy,Sarmiento Morante,0,2,16,168,2,38.2,46.6,50.0,0,40,12.9,1,0,1,0.0,45,MID
Moisés,Caicedo Corozo,1,1,79,3138,47,680.4,589.8,210.0,0,503,148.2,10,0,10,0.4,50,MID
Taylor,Richards,0,0,0,0,0,0.0,0.0,0.0,0,0,0.0,0,0,0,0.0,45,MID
Haydon,Roberts,0,0,0,0,0,0.0,0.0,0.0,0,0,0.0,0,0,0,0.0,40,DEF
Deniz,Undav,5,2,52,614,9,124.0,196.4,372.0,4,173,69.1,2,0,2,0.8,50,FWD
Kaoru,Mitoma,7,9,138,2311,35,569.4,569.6,867.0,11,457,200.4,8,0,0,27.3,57,MID
Julio,Enciso,4,3,57,794,12,177.5,262.8,399.0,7,189,83.8,4,0,1,2.4,46,FWD
Kacper,Kozłowski,0,0,0,0,0,0.0,0.0,0.0,0,0,0.0,0,0,0,0.0,45,MID
Billy,Gilmour,0,1,21,502,8,56.5,67.6,33.0,0,105,15.8,2,0,1,0.4,42,MID
Kjell,Scherpen,0,0,0,0,0,0.0,0.0,0.0,0,0,0.0,0,0,0,0.0,40,GK
Matt,Clarke,0,0,0,0,0,0.0,0.0,0.0,0,0,0.0,0,0,0,0.1,40,DEF
Jan Paul,van Hecke,0,0,6,291,7,5.8,71.4,10.0,0,54,8.8,0,0,2,0.3,40,DEF
Levi,Colwill,0,2,46,1218,21,101.9,236.2,50.0,6,249,38.9,3,0,1,0.2,44,DEF
Pervis,Estupiñán,1,7,128,2674,43,757.9,575.2,297.0,15,593,162.5,10,0,4,20.5,50,DEF
Evan,Ferguson,6,2,65,942,12,150.4,286.2,361.0,8,213,79.9,6,0,1,1.7,46,FWD
Ed,Turns,0,0,0,0,0,0.0,0.0,0.0,0,0,0.0,0,0,0,0.0,40,DEF
Andrew,Moran,0,0,1,11,1,0.0,0.0,0.0,0,3,0.0,0,0,0,0.0,45,MID
James,Furlong,0,0,0,0,0,0.0,0.0,0.0,0,0,0.0,0,0,0,0.0,40,DEF
Jack,Hinshelwood,0,0,1,1,0,0.0,2.0,2.0,0,3,0.4,0,0,0,0.0,45,MID
Facundo,Buonanotte,1,1,26,558,12,100.9,90.0,102.0,2,72,28.5,1,0,2,0.1,45,MID
Yasin,Ayari,0,0,3,65,2,25.5,7.4,3.0,0,14,3.5,0,0,0,0.0,45,MID
Odeluga,Offiah,0,0,1,23,3,1.5,6.2,0.0,0,10,0.8,0,0,0,0.0,40,DEF
Tom,McGill,0,0,0,0,0,0.0,0.0,0.0,0,0,0.0,0,0,0,0.0,40,GK
Cameron,Peupion,0,0,1,5,2,0.3,0.0,5.0,0,3,0.5,0,0,0,0.0,45,MID
Imari,Samuels,0,0,0,0,0,0.0,0.0,0.0,0,0,0.0,0,0,0,0.0,40,DEF
Carney,Chukwuemeka,0,0,18,342,7,113.5,66.0,78.0,0,71,25.7,1,0,0,0.3,42,MID
Marc,Cucurella Saseta,0,2,65,1669,20,232.5,354.4,72.0,1,363,65.9,6,0,4,5.0,49,DEF
César,Azpilicueta,0,0,45,1521,21,211.2,272.0,102.0,4,242,58.4,3,0,3,1.2,47,DEF
Thiago,Emiliano da Silva,0,2,80,2351,32,90.4,676.8,147.0,8,524,91.4,6,0,2,5.7,54,DEF
Marcos,Alonso,0,0,0,0,0,0.0,0.0,0.0,0,0,0.0,0,0,0,0.7,53,DEF
Ross,Barkley,0,0,0,0,0,0.0,0.0,0.0,0,0,0.0,0,0,0,0.0,49,MID
Mateo,Kovacic,1,2,53,1699,25,365.8,295.8,114.0,2,289,77.9,4,0,8,0.3,49,MID
Kepa,Arrizabalaga,0,0,118,2565,33,0.1,733.4,0.0,15,575,73.3,9,0,1,6.4,45,GK
N'Golo,Kanté,0,1,18,517,7,186.9,107.0,58.0,1,120,35.2,2,0,1,1.1,48,MID
Hakim,Ziyech,0,3,33,649,7,230.9,155.4,113.0,0,129,49.0,2,0,1,0.4,55,MID
Ruben,Loftus-Cheek,0,1,46,1530,23,260.4,216.6,175.0,1,228,65.4,5,0,1,0.1,50,MID
Timo,Werner,0,0,0,0,0,0.0,0.0,0.0,0,0,0.0,0,0,0,0.2,79,FWD
Robert Kenedy,Nunes do Nascimento,0,0,0,0,0,0.0,0.0,0.0,0,0,0.0,0,0,0,0.2,39,DEF
Ben,Chilwell,2,3,70,1402,19,382.6,283.4,178.0,4,302,84.2,4,0,3,3.1,56,DEF
Christian,Pulisic,1,1,39,805,11,166.8,120.4,227.0,0,102,51.1,3,0,1,0.4,56,MID
Trevoh,Chalobah,0,0,49,1601,24,94.0,294.6,112.0,1,318,50.3,5,0,4,0.6,44,DEF
Mason,Mount,3,4,82,1644,21,463.1,331.4,376.0,8,277,117.2,8,0,4,3.4,72,MID
Malang,Sarr,0,0,0,0,0,0.0,0.0,0.0,0,0,0.0,0,0,0,0.0,50,DEF
Callum,Hudson-Odoi,0,0,0,0,0,0.0,0.0,0.0,0,0,0.0,0,0,0,0.0,53,MID
Kai,Havertz,7,1,102,2565,31,536.6,476.4,1014.0,13,301,202.5,9,0,5,3.2,74,FWD
Reece,James,1,2,44,1242,17,358.2,292.2,153.0,5,286,80.4,2,0,4,10.7,58,DEF
Edouard,Mendy,0,0,24,855,14,0.0,200.4,0.0,0,132,20.2,1,0,1,5.8,48,GK
Conor,Gallagher,3,1,66,1608,23,351.5,386.2,329.0,7,279,106.5,4,1,9,0.7,56,MID
Armando,Broja,1,1,21,285,5,18.2,64.6,113.0,0,56,19.7,1,0,0,0.3,52,FWD
Ethan,Ampadu,0,0,0,0,0,0.0,0.0,0.0,0,0,0.0,0,0,0,0.0,44,DEF
Wesley,Fofana,1,0,37,1362,24,59.6,294.6,86.0,4,244,44.4,2,0,4,1.0,43,DEF
Raheem,Sterling,6,4,101,1886,27,495.4,399.6,647.0,9,274,153.9,5,0,4,3.4,97,MID
Kalidou,Koulibaly,2,1,74,1798,22,104.1,497.4,141.0,8,408,74.5,6,1,5,5.4,55,DEF
Harvey,Vale,0,0,0,0,0,0.0,0.0,0.0,0,0,0.0,0,0,0,0.0,45,MID
Denis,Zakaria,0,0,13,409,5,22.6,44.6,24.0,0,47,9.2,2,0,0,0.0,49,MID
Pierre-Emerick,Aubameyang,1,0,25,546,8,59.4,55.0,177.0,3,61,28.5,1,0,1,0.7,84,FWD
Marcus,Bettinelli,0,0,0,0,0,0.0,0.0,0.0,0,0,0.0,0,0,0,0.0,40,GK
Omari,Hutchinson,0,0,1,22,0,1.8,1.0,4.0,0,2,0.7,0,0,0,0.0,42,MID
Lewis,Hall,0,0,19,653,11,225.8,134.4,127.0,3,118,48.8,1,0,1,0.0,43,MID
Bashir,Humphreys,0,0,0,0,0,0.0,0.0,0.0,0,0,0.0,0,0,0,0.0,45,DEF
David Datro,Fofana,0,0,3,68,1,34.6,15.2,30.0,0,8,8.0,0,0,0,0.1,50,FWD
Benoît,Badiashile,1,0,40,904,9,49.1,219.8,81.0,2,209,35.1,4,0,2,0.4,50,DEF
João,Félix Sequeira,4,0,44,936,16,136.1,203.6,303.0,7,126,63.1,2,1,1,1.7,71,FWD
Mykhailo,Mudryk,0,2,25,650,10,146.4,100.8,140.0,0,73,38.2,0,0,1,0.8,64,MID
Andrey,Nascimento dos Santos,0,0,0,0,0,0.0,0.0,0.0,0,0,0.0,0,0,0,0.0,45,MID
Noni,Madueke,1,0,26,639,13,170.8,153.8,224.0,2,105,55.0,0,0,0,0.1,54,MID
Enzo,Fernández,0,2,42,1547,25,334.3,315.8,74.0,1,265,72.6,3,0,3,0.8,50,MID
Ethan,Wady,0,0,0,0,0,0.0,0.0,0.0,0,0,0.0,0,0,0,0.0,40,GK
Alfie,Gilchrist,0,0,0,0,0,0.0,0.0,0.0,0,0,0.0,0,0,0,0.0,40,DEF
Albert,Sambi Lokonga,0,0,23,728,8,57.2,98.4,20.0,0,129,17.6,2,0,2,0.2,43,MID
Vicente,Guaita,0,0,99,2430,34,0.0,668.4,0.0,10,484,66.8,6,0,1,1.4,44,GK
James,Tomkins,1,0,8,335,10,1.1,90.0,54.0,1,50,14.6,0,1,1,0.8,39,DEF
James,McArthur,0,0,4,50,0,2.0,14.8,0.0,0,13,1.7,0,0,0,0.0,48,MID
Christian,Benteke,0,0,0,0,0,0.0,0.0,0.0,0,0,0.0,0,0,0,0.1,55,FWD
Joel,Ward,1,0,78,2253,35,172.5,446.6,114.0,5,403,73.5,8,0,6,0.4,44,DEF
Nathaniel,Clyne,0,0,44,1638,23,124.9,203.6,8.0,0,246,33.6,3,0,3,0.1,45,DEF
Luka,Milivojevic,0,0,23,500,7,43.6,69.2,17.0,0,80,12.7,2,0,2,0.3,42,MID
Jordan,Ayew,4,3,104,2708,41,468.2,494.4,439.0,4,332,140.3,8,0,5,0.4,52,MID
Wilfried,Zaha,7,2,95,2289,34,384.8,465.4,848.0,6,216,169.4,5,0,5,6.7,72,MID
Jeffrey,Schlupp,3,2,89,2528,38,257.6,404.6,314.0,2,324,97.9,9,0,7,0.1,47,MID
Will,Hughes,1,1,41,822,11,107.4,190.4,78.0,3,152,37.4,1,0,4,0.0,48,MID
Jairo,Riedewald,0,0,6,60,0,2.6,9.8,4.0,0,19,1.5,0,0,0,0.0,42,MID
Joachim,Andersen,1,0,80,2782,37,163.4,658.8,273.0,1,483,109.8,8,0,8,1.6,45,DEF
Odsonne,Edouard,5,2,82,1788,25,238.7,351.6,552.0,5,225,113.2,5,0,3,2.0,50,FWD
Marc,Guéhi,1,0,95,3330,46,145.5,705.0,213.0,2,623,106.7,9,0,8,2.5,45,DEF
Jean-Philippe,Mateta,2,0,41,748,10,71.4,119.8,247.0,3,96,42.5,3,0,3,0.3,51,FWD
Eberechi,Eze,10,5,159,2631,35,833.6,702.6,635.0,21,580,217.0,9,0,3,12.8,57,MID
Tyrick,Mitchell,0,2,93,2889,40,260.3,485.0,141.0,7,476,89.0,8,1,5,1.0,44,DEF
Michael,Olise,2,11,132,2743,38,1115.0,652.4,484.0,15,517,225.6,8,0,2,1.8,53,MID
Jesurun,Rak-Sakyi,0,0,0,0,0,0.0,0.0,0.0,0,0,0.0,0,0,0,0.0,45,MID
Malcolm,Ebiowei,0,0,3,31,1,0.9,3.4,4.0,0,9,0.9,0,0,0,0.2,42,MID
Nathan,Ferguson,0,0,0,0,0,0.0,0.0,0.0,0,0,0.0,0,0,0,0.2,39,DEF
Sam,Johnstone,0,0,36,810,10,0.0,177.4,0.0,5,159,17.8,3,0,1,1.1,44,GK
Remi,Matthews,0,0,0,0,0,0.0,0.0,0.0,0,0,0.0,0,0,0,0.0,40,GK
Luke,Plange,0,0,0,0,0,0.0,0.0,0.0,0,0,0.0,0,0,0,0.2,45,FWD
Cheick,Doucouré,0,3,74,2770,41,353.7,475.0,167.0,3,411,99.8,7,1,8,0.1,50,MID
Chris,Richards,0,0,13,443,11,15.3,92.4,26.0,0,83,13.2,1,0,0,0.1,44,DEF
Joseph,Whitworth,0,0,3,180,5,0.0,41.8,0.0,0,28,4.2,0,0,0,0.1,40,GK
Kaden,Rodney,0,0,0,0,0,0.0,0.0,0.0,0,0,0.0,0,0,0,0.0,45,MID
Killian,Phillips,0,0,0,0,0,0.0,0.0,0.0,0,0,0.0,0,0,0,0.0,45,MID
John-Kymani,Gordon,0,0,0,0,0,0.0,0.0,0.0,0,0,0.0,0,0,0,0.1,45,FWD
Kofi,Balmer,0,0,0,0,0,0.0,0.0,0.0,0,0,0.0,0,0,0,0.1,40,DEF
Owen,Goodman,0,0,0,0,0,0.0,0.0,0.0,0,0,0.0,0,0,0,0.0,40,GK
Jack,Wells-Morrison,0,0,0,0,0,0.0,0.0,0.0,0,0,0.0,0,0,0,0.0,45,MID
David,Ozoh,0,0,1,1,0,0.8,0.0,0.0,0,3,0.1,0,0,0,0.0,45,MID
Naouirou,Ahamada,0,0,7,87,2,13.2,7.4,14.0,0,20,3.0,0,0,1,0.0,45,MID
Tayo,Adaramola,0,0,0,0,0,0.0,0.0,0.0,0,0,0.0,0,0,0,0.0,40,DEF
Neal,Maupay,1,0,41,1104,19,109.9,85.8,429.0,3,86,62.2,3,0,4,0.5,56,FWD
Asmir,Begović,0,0,9,90,0,0.0,36.0,0.0,2,30,3.6,1,0,0,0.8,38,GK
Salomón,Rondón,0,0,7,103,2,26.1,7.4,41.0,0,12,7.3,0,0,0,0.3,49,FWD
Seamus,Coleman,1,0,63,1654,25,108.7,297.8,95.0,5,314,50.4,5,0,1,0.3,41,DEF
Andros,Townsend,0,0,0,0,0,0.0,0.0,0.0,0,0,0.0,0,0,0,0.0,54,MID
Michael,Keane,1,2,39,983,22,42.6,242.6,131.0,5,180,41.7,2,0,0,0.5,42,DEF
Dele,Alli,0,0,2,38,1,2.2,0.6,6.0,0,5,0.9,0,0,0,0.1,53,MID
Jordan,Pickford,0,1,124,3330,57,23.0,997.8,0.0,10,666,102.0,8,0,6,6.2,44,GK
Allan,Marques Loureiro,0,0,0,0,0,0.0,0.0,0.0,0,0,0.0,0,0,0,0.1,48,MID
André,Tavares Gomes,0,0,0,0,0,0.0,0.0,0.0,0,0,0.0,0,0,0,0.0,45,MID
Abdoulaye,Doucouré,5,2,76,1527,27,284.1,360.4,255.0,10,263,89.7,4,1,6,0.2,53,MID
Alex,Iwobi,2,8,126,3379,56,946.0,693.4,373.0,9,563,201.3,9,0,2,1.1,49,MID
Jean-Philippe,Gbamin,0,0,0,0,0,0.0,0.0,0.0,0,0,0.0,0,0,0,0.0,45,MID
Yerry,Mina,2,0,33,594,9,18.2,192.8,138.0,7,115,35.1,1,0,2,0.4,43,DEF
Demarai,Gray,4,1,91,2501,39,614.7,410.8,707.0,4,284,173.2,7,0,3,0.6,51,MID
Tom,Davies,0,0,19,524,9,46.2,50.4,98.0,0,55,19.3,1,0,3,0.0,49,MID
Dominic,Calvert-Lewin,2,1,40,1166,22,122.4,138.4,409.0,2,89,66.4,4,0,3,0.3,79,FWD
Mason,Holgate,0,0,16,506,9,71.9,90.4,55.0,2,81,21.5,2,1,1,0.1,42,DEF
Ben,Godfrey,0,1,18,801,18,42.3,146.8,46.0,0,101,23.6,1,0,2,0.1,43,DEF
Vitalii,Mykolenko,0,1,75,2653,46,307.0,504.8,120.0,4,449,93.4,7,0,4,0.6,41,DEF
Jarrad,Branthwaite,0,0,0,0,0,0.0,0.0,0.0,0,0,0.0,0,0,0,0.0,40,DEF
Nathan,Patterson,0,0,31,1274,22,111.9,231.4,108.0,0,173,45.3,2,0,3,2.2,39,DEF
Niels,Nkounkou,0,0,0,0,0,0.0,0.0,0.0,0,0,0.0,0,0,0,0.2,40,DEF
James,Tarkowski,1,1,106,3420,57,185.6,1040.4,441.0,13,632,167.0,9,0,6,4.4,41,DEF
Conor,Coady,1,1,77,2094,28,59.7,405.6,88.0,5,397,55.3,7,0,2,3.0,47,DEF
Rúben,Nascimento Vinagre,0,0,2,24,0,1.4,7.6,0.0,0,9,0.9,0,0,0,0.0,43,DEF
Dwight,McNeil,7,5,126,2490,46,771.4,718.8,464.0,14,505,195.8,5,0,5,2.0,52,MID
Stanley,Mills,0,0,0,0,0,0.0,0.0,0.0,0,0,0.0,0,0,0,0.0,43,MID
Lewis,Warrington,0,0,0,0,0,0.0,0.0,0.0,0,0,0.0,0,0,0,0.1,44,MID
James,Garner,0,1,25,796,13,116.2,109.2,64.0,0,109,29.2,2,0,3,0.0,45,MID
Amadou,Onana,1,3,77,2486,37,316.6,358.2,287.0,2,300,96.0,9,0,9,0.1,47,MID
Reece,Welch,0,0,0,0,0,0.0,0.0,0.0,0,0,0.0,0,0,0,0.1,40,DEF
Idrissa,Gueye,0,1,66,2577,45,195.3,426.8,85.0,1,357,70.6,8,0,7,0.1,47,MID
Eldin,Jakupovic,0,0,0,0,0,0.0,0.0,0.0,0,0,0.0,0,0,0,0.0,40,GK
Kyle,John,0,0,0,0,0,0.0,0.0,0.0,0,0,0.0,0,0,0,0.1,39,DEF
Thomas,Cannon,0,0,2,23,1,11.6,5.0,21.0,0,7,3.8,0,0,0,0.0,45,FWD
Isaac,Price,0,0,0,32,0,15.6,9.6,0.0,0,3,2.5,0,0,1,0.0,45,MID
Ellis,Simms,1,0,17,219,4,39.6,40.8,54.0,0,59,13.0,0,0,0,0.1,45,FWD
Ishé,Samuels-Smith,0,0,0,0,0,0.0,0.0,0.0,0,0,0.0,0,0,0,0.0,40,DEF
Andy,Lonergan,0,0,0,0,0,0.0,0.0,0.0,0,0,0.0,0,0,0,0.0,40,GK
Sean,McAllister,0,0,0,0,0,0.0,0.0,0.0,0,0,0.0,0,0,0,0.0,45,MID
Cédric,Alves Soares,0,0,10,223,3,51.4,56.4,10.0,0,56,11.9,0,0,0,0.1,42,DEF
Bernd,Leno,0,0,142,3240,51,10.0,1154.8,0.0,17,766,116.6,8,0,3,3.5,46,GK
Shane,Duffy,0,0,4,17,4,0.2,0.2,7.0,0,12,0.2,0,0,0,0.1,42,DEF
Tom,Cairney,2,1,53,968,13,232.1,190.4,217.0,2,217,64.2,1,0,2,0.1,47,MID
Tim,Ream,1,0,98,2898,44,65.2,604.2,76.0,12,560,74.8,8,0,2,1.2,45,DEF
Anthony,Knockaert,0,0,0,0,0,0.0,0.0,0.0,0,0,0.0,0,0,0,0.0,47,MID
Nathaniel,Chalobah,0,0,1,11,4,0.6,4.6,17.0,0,2,2.3,0,1,0,0.1,44,MID
Neeskens,Kebano,0,4,40,758,10,179.7,119.6,112.0,0,123,41.5,3,0,0,0.0,54,MID
Bobby,De Cordova-Reid,4,1,90,2473,40,326.6,365.2,508.0,3,289,119.7,8,0,8,0.1,54,MID
Joe,Bryan,0,0,0,0,0,0.0,0.0,0.0,0,0,0.0,0,0,0,0.0,44,DEF
Paulo,Gazzaniga Farias,0,0,0,0,0,0.0,0.0,0.0,0,0,0.0,0,0,0,1.2,40,GK
Terence,Kongolo,0,0,0,0,0,0.0,0.0,0.0,0,0,0.0,0,0,0,0.2,39,DEF
Tosin,Adarabioyo,1,0,49,2084,39,90.1,514.4,128.0,1,353,73.4,3,0,4,0.1,44,DEF
Aleksandar,Mitrović,14,2,107,2010,30,228.3,584.8,1171.0,14,324,197.1,7,0,7,12.5,66,FWD
Harrison,Reed,3,4,107,2868,44,507.3,484.4,266.0,9,409,125.8,9,0,5,1.0,43,MID
Harry,Wilson,2,5,68,1085,15,184.1,215.2,178.0,2,215,57.7,2,0,1,0.2,57,MID
Marek,Rodák,0,0,7,180,2,0.0,19.0,0.0,0,33,1.9,1,0,0,0.2,43,GK
Ivan,Neves Abreu Cavaleiro,0,0,0,0,0,0.0,0.0,0.0,0,0,0.0,0,0,0,0.0,48,MID
Kenny,Tete,1,5,90,2569,36,391.4,670.2,145.0,1,484,120.9,7,0,8,0.4,44,DEF
Josh,Onomah,0,0,2,14,2,0.6,2.0,0.0,0,4,0.3,0,0,0,0.1,43,MID
Antonee,Robinson,0,2,93,3088,44,427.4,573.2,61.0,5,558,106.3,9,0,8,0.5,44,DEF
Rodrigo,Muniz Carvalho,0,0,0,0,0,0.0,0.0,0.0,0,0,0.0,0,0,0,0.0,54,FWD
Jay,Stansfield,0,1,7,85,2,12.8,8.4,46.0,0,22,6.7,0,0,0,0.7,45,FWD
João,Palhinha Gonçalves,3,0,83,3108,43,142.8,570.2,338.0,5,379,105.5,9,0,14,0.3,49,MID
Daniel,James,2,1,45,802,18,129.7,149.6,220.0,2,152,49.6,1,0,0,0.2,59,MID
Andreas,Hoelgebaum Pereira,4,10,123,2696,40,965.0,440.6,495.0,9,360,189.3,8,0,8,10.1,43,MID
Issa,Diop,1,0,79,2008,26,38.8,462.2,80.0,8,422,58.1,7,0,2,0.3,43,DEF
Tyrese,Francois,0,0,1,1,0,0.3,1.0,0.0,0,3,0.1,0,0,0,0.0,44,MID
Kevin,Mbabu,0,1,7,141,7,37.7,39.8,0.0,0,39,7.8,0,0,1,0.1,43,DEF
Luke,Harris,0,0,3,10,1,1.6,0.6,0.0,0,7,0.2,0,0,0,0.0,43,MID
Manor,Solomon,4,0,44,560,11,97.6,219.0,117.0,1,156,43.4,0,0,0,0.1,49,MID
Terry,Ablade,0,0,0,0,0,0.0,0.0,0.0,0,0,0.0,0,0,0,0.1,45,FWD
Layvin,Kurzawa,0,0,2,136,4,4.5,20.2,0.0,0,13,2.5,0,0,1,0.0,43,DEF
Willian,Borges da Silva,5,7,116,2127,22,703.4,455.8,449.0,11,442,160.8,9,0,2,0.5,55,MID
Carlos Vinícius,Alves Morais,5,2,72,1098,20,118.6,244.0,374.0,10,206,73.1,1,0,3,0.5,54,FWD
Stefan,Parkes,0,0,0,0,0,0.0,0.0,0.0,0,0,0.0,0,0,0,0.0,40,DEF
Martial,Godo,0,0,0,0,0,0.0,0.0,0.0,0,0,0.0,0,0,0,0.0,45,MID
Kristian,Sekularac,0,0,0,0,0,0.0,0.0,0.0,0,0,0.0,0,0,0,0.0,45,MID
Sasa,Lukic,0,0,15,406,10,21.9,40.8,19.0,0,58,8.2,0,0,1,0.0,45,MID
George,Wickens,0,0,0,0,0,0.0,0.0,0.0,0,0,0.0,0,0,0,0.0,40,GK
Charlie,Robinson,0,0,0,0,0,0.0,0.0,0.0,0,0,0.0,0,0,0,0.0,40,DEF
Matthew,Dibley-Dias,0,0,0,0,0,0.0,0.0,0.0,0,0,0.0,0,0,0,0.0,45,MID
Kasper,Schmeichel,0,0,0,0,0,0.0,0.0,0.0,0,0,0.0,0,0,0,0.1,50,GK
Jonny,Evans,0,0,20,1051,28,21.5,247.8,35.0,0,191,30.4,2,0,1,0.2,44,DEF
Ryan,Bertrand,0,0,0,0,0,0.0,0.0,0.0,0,0,0.0,0,0,0,0.0,39,DEF
Marc,Albrighton,1,0,13,232,3,95.2,76.8,43.0,0,57,21.4,0,0,0,0.0,47,MID
Nampalys,Mendy,1,0,30,746,13,42.3,115.2,20.0,1,142,17.8,0,0,1,0.4,42,MID
Jannik,Vestergaard,0,0,0,0,0,0.0,0.0,0.0,0,0,0.0,0,0,0,4.9,38,DEF
Danny,Ward,0,0,91,2340,46,0.0,631.4,0.0,12,485,63.0,6,0,0,18.4,38,GK
Jamie,Vardy,3,5,82,1841,38,173.8,289.0,453.0,4,206,91.0,4,0,1,2.3,91,FWD
Ricardo,Barbosa Pereira,1,1,20,451,11,100.2,153.2,25.0,2,106,27.8,0,0,2,0.1,42,DEF
Daniel,Amartey,0,0,51,1608,27,79.8,358.4,50.0,4,328,48.9,5,0,1,0.7,39,DEF
Timothy,Castagne,2,4,114,3255,63,380.2,690.8,289.0,11,615,136.4,8,0,3,5.5,43,DEF
Youri,Tielemans,3,3,86,2341,49,486.9,541.8,191.0,6,461,122.1,6,0,4,1.2,61,MID
Ayoze,Pérez,0,2,19,378,5,151.0,65.2,92.0,0,69,30.9,1,0,0,0.1,47,MID
James,Maddison,10,9,135,2479,54,984.9,802.4,805.0,9,520,259.7,4,0,10,5.5,78,MID
Kelechi,Iheanacho,5,5,82,1112,23,275.2,325.0,448.0,9,237,103.3,1,0,0,0.9,58,FWD
Hamza,Choudhury,0,0,0,0,0,0.0,0.0,0.0,0,0,0.0,0,0,0,0.0,45,MID
Harvey,Barnes,13,2,138,2709,51,322.9,612.8,942.0,0,379,187.7,6,0,3,1.7,66,MID
Wilfred,Ndidi,0,0,41,1672,39,73.0,317.6,45.0,0,257,43.2,1,0,4,0.2,48,MID
Kiernan,Dewsbury-Hall,2,3,82,2305,41,541.7,453.6,239.0,5,347,123.7,7,1,3,0.5,49,MID
Çaglar,Söyüncü,1,0,16,528,13,13.3,174.6,53.0,3,93,24.1,0,0,2,0.2,42,DEF
James,Justin,0,2,45,1252,25,138.8,208.4,40.0,2,263,38.7,5,0,0,0.4,41,DEF
Boubakary,Soumaré,0,0,41,1624,30,173.0,249.4,5.0,0,238,42.9,6,0,9,0.3,44,MID
Luke,Thomas,0,1,28,1068,20,91.9,174.0,12.0,0,189,27.8,2,0,3,0.2,39,DEF
Patson,Daka,4,4,70,1169,24,223.6,295.2,440.0,3,231,95.1,5,0,2,0.8,56,FWD
Lewis,Brunt,0,0,1,22,1,1.0,2.2,0.0,0,4,0.3,0,0,0,0.3,39,DEF
Daniel,Iversen,0,0,29,1080,22,0.0,275.4,0.0,2,183,27.6,1,0,0,5.1,39,GK
Dennis,Praet,1,1,34,635,10,66.9,96.4,64.0,0,115,22.7,2,0,1,0.0,48,MID
Alex,Smithies,0,0,0,0,0,0.0,0.0,0.0,0,0,0.0,0,0,0,0.1,39,GK
Wout,Faes,1,2,78,2786,51,115.9,712.2,110.0,5,545,93.8,7,1,4,0.2,42,DEF
Sammy,Braybrooke,0,0,0,0,0,0.0,0.0,0.0,0,0,0.0,0,0,0,0.0,45,MID
Joe,Wormleighton,0,0,0,0,0,0.0,0.0,0.0,0,0,0.0,0,0,0,0.0,40,DEF
Kasey,McAteer,0,0,0,0,0,0.0,0.0,0.0,0,0,0.0,0,0,0,0.0,45,MID
Victor,Kristiansen,0,1,16,891,21,119.3,173.2,14.0,0,111,30.8,0,0,2,0.0,45,DEF
Mateus,Cardoso Lemos Martins,1,0,27,732,15,98.7,84.0,109.0,1,90,28.8,0,0,0,0.1,49,MID
Harry,Souttar,0,1,20,991,19,38.9,242.6,65.0,0,151,34.6,1,0,2,0.1,45,DEF
Wanya,Marçal-Madivadua,0,0,0,0,0,0.0,0.0,0.0,0,0,0.0,0,0,0,0.0,45,MID
Liam,Cooper,1,0,31,1425,32,66.7,327.0,147.0,1,238,53.8,2,0,5,0.1,44,DEF
Luke,Ayling,2,1,59,2048,48,217.6,465.4,281.0,4,336,96.7,3,0,3,0.3,45,DEF
Mateusz,Klich,0,0,12,266,5,69.3,39.6,50.0,0,43,15.2,0,0,2,0.0,46,MID
Adam,Forshaw,0,0,16,473,13,123.7,74.0,4.0,0,78,20.3,0,0,0,0.0,44,MID
Rodrigo,Moreno,13,2,127,1928,43,262.1,580.2,875.0,6,368,171.1,5,0,6,4.1,63,MID
Stuart,Dallas,0,0,0,0,0,0.0,0.0,0.0,0,0,0.0,0,0,0,0.0,49,DEF
Patrick,Bamford,4,5,70,1510,31,171.6,252.2,588.0,3,157,99.6,1,0,3,0.4,71,FWD
Diego,Llorente,0,0,16,648,12,5.8,99.0,40.0,2,115,14.6,1,0,1,0.2,44,DEF
Tyler,Roberts,0,0,0,0,0,0.0,0.0,0.0,0,0,0.0,0,0,0,0.0,50,MID
Robin,Koch,0,0,55,3175,74,96.5,602.4,219.0,2,447,91.8,5,0,7,0.2,45,DEF
Raphael,Dias Belloli,0,0,0,0,0,0.0,0.0,0.0,0,0,0.0,0,0,0,0.1,70,MID
Jack,Harrison,5,8,134,2707,55,834.8,600.2,487.0,15,403,192.0,6,0,2,2.1,57,MID
Jamie,Shackleton,0,0,0,0,0,0.0,0.0,0.0,0,0,0.0,0,0,0,0.0,45,MID
Pascal,Struijk,2,2,66,2198,52,218.6,544.4,266.0,4,423,102.9,4,0,5,0.5,45,DEF
Kristoffer,Klaesson,0,0,0,0,0,0.0,0.0,0.0,0,0,0.0,0,0,0,0.7,38,GK
Sam,Greenwood,1,2,30,410,11,210.5,121.8,85.0,1,107,41.6,0,0,1,10.8,41,FWD
Illan,Meslier,0,0,90,3060,67,0.0,738.6,17.0,8,548,75.9,5,0,3,1.7,44,GK
Junior,Firpo Adames,1,2,30,1364,33,128.0,290.8,46.0,3,187,46.4,1,1,5,0.1,45,DEF
Crysencio,Summerville,4,4,74,1411,38,222.6,311.8,357.0,4,235,88.6,1,0,4,0.6,42,MID
Lewis,Bate,0,0,0,0,0,0.0,0.0,0.0,0,0,0.0,0,0,0,0.0,45,MID
Joe,Gelhardt,0,2,20,201,3,32.1,49.4,114.0,0,44,19.4,0,0,1,0.2,51,FWD
Leo Fuhr,Hjelde,0,0,0,0,0,0.0,0.0,0.0,0,0,0.0,0,0,0,0.2,39,DEF
Rasmus,Kristensen,3,1,51,1957,53,156.7,493.8,166.0,1,322,81.9,2,0,4,0.4,47,DEF
Marc,Roca Junqué,1,3,67,2316,60,475.8,433.6,323.0,3,357,123.1,2,0,7,0.1,48,MID
Brenden,Aaronson,1,4,83,2365,58,664.2,306.4,445.0,0,232,141.9,5,0,2,0.6,53,MID
Darko,Gyabi,0,0,1,7,0,0.5,4.4,20.0,0,7,2.5,0,0,0,0.1,42,MID
Tyler,Adams,0,0,47,2156,36,328.9,393.6,24.0,1,290,74.9,5,1,4,0.1,49,MID
Luis,Sinisterra Lucumí,5,0,53,863,23,157.7,242.8,305.0,6,173,70.6,0,1,1,0.2,65,MID
Cody,Drameh,0,0,1,70,3,2.7,12.8,0.0,0,16,1.6,0,0,0,0.1,40,DEF
Archie,Gray,0,0,0,0,0,0.0,0.0,0.0,0,0,0.0,0,0,0,0.0,45,MID
Joel,Robles,0,0,7,360,11,0.0,118.4,0.0,0,65,11.8,0,0,1,0.1,40,GK
Wilfried,Gnonto,2,4,55,1346,28,327.6,266.8,253.0,6,183,84.9,4,0,7,0.7,47,FWD
Mateo Joseph,Fernández,0,0,3,24,0,0.2,3.0,19.0,0,5,2.2,0,0,0,0.0,45,FWD
Sonny,Perkins,0,0,0,0,0,0.0,0.0,0.0,0,0,0.0,0,0,0,0.0,45,FWD
Maximilian,Wöber,0,0,25,1264,23,81.6,284.4,80.0,2,195,44.8,2,0,3,0.0,44,DEF
Georginio,Rutter,0,1,15,263,9,49.2,54.4,53.0,0,45,15.5,0,0,0,0.0,50,FWD
Weston,McKennie,0,1,31,1434,35,204.9,201.6,89.0,0,135,49.7,1,0,7,0.0,46,MID
Jeremiah,Chilokoa-Mullen,0,0,0,0,0,0.0,0.0,0.0,0,0,0.0,0,0,0,0.0,40,DEF
Diogo,Pinheiro Monteiro,0,0,0,0,0,0.0,0.0,0.0,0,0,0.0,0,0,0,0.0,40,DEF
James,Milner,0,1,42,889,12,222.7,179.6,93.0,0,187,49.5,3,0,2,0.6,44,MID
Jordan,Henderson,0,3,69,2060,30,525.8,315.2,185.0,0,401,103.0,8,0,2,0.5,53,MID
Joel,Matip,1,0,36,1091,20,61.9,232.8,102.0,4,216,39.6,3,0,3,0.9,59,DEF
Thiago,Alcántara do Nascimento,0,0,30,1252,23,265.8,244.4,86.0,0,194,59.8,2,0,2,0.6,51,MID
Alex,Oxlade-Chamberlain,1,0,20,332,7,66.3,72.4,84.0,2,57,22.3,0,0,0,0.0,49,MID
Roberto,Firmino,11,4,104,1202,17,310.2,577.6,813.0,12,447,170.2,4,0,0,3.2,80,FWD
Virgil,van Dijk,3,1,127,2835,36,121.0,743.2,389.0,13,636,125.4,11,0,3,12.4,66,DEF
Alisson,Ramses Becker,0,1,162,3330,43,10.1,966.4,0.0,15,824,97.6,14,0,1,16.8,55,GK
Fabio Henrique,Tavares,0,2,70,2666,34,316.4,400.2,109.0,0,394,82.5,11,0,11,0.8,52,MID
Mohamed,Salah,19,13,239,3290,45,899.2,1067.4,1688.0,23,651,365.6,13,0,2,37.2,131,MID
Andrew,Robertson,0,8,121,2579,34,862.1,549.2,211.0,10,633,162.3,9,0,3,6.0,68,DEF
Trent,Alexander-Arnold,2,11,156,2922,44,1236.9,821.4,262.0,21,824,232.2,10,0,5,30.7,78,DEF
Joseph,Gomez,0,0,68,1461,16,46.1,312.4,38.0,8,337,39.7,8,0,3,0.8,43,DEF
Naby,Keita,0,0,10,290,4,92.6,23.8,54.0,0,34,16.9,1,0,1,0.0,47,MID
Diogo,Teixeira da Silva,7,4,80,1125,19,242.6,376.6,391.0,9,282,100.6,5,0,2,2.0,86,FWD
Caoimhin,Kelleher,0,0,2,90,4,0.0,38.0,0.0,0,20,3.8,0,0,0,0.2,39,GK
Ibrahima,Konaté,0,0,49,1551,22,39.6,285.6,144.0,0,305,46.8,7,0,5,1.3,49,DEF
Curtis,Jones,3,1,52,1029,15,238.1,272.8,240.0,4,206,75.0,4,0,2,0.4,49,MID
Konstantinos,Tsimikas,0,4,48,762,11,298.3,183.2,124.0,2,216,60.7,4,0,3,0.4,43,DEF
Luis,Díaz,4,2,62,991,11,200.6,245.4,404.0,7,166,85.0,4,0,2,6.6,78,MID
Harvey,Elliott,1,2,62,1600,20,406.1,269.0,378.0,2,286,105.5,5,0,2,0.5,48,MID
Fábio,Freitas Gouveia Carvalho,2,1,27,339,3,36.7,89.4,173.0,0,80,29.7,0,0,0,0.3,51,MID
Darwin,Núñez Ribeiro,9,5,100,1684,22,336.9,458.2,1078.0,8,310,186.0,7,1,1,6.4,86,FWD
Calvin,Ramsay,0,0,0,0,0,0.0,0.0,0.0,0,0,0.0,0,0,0,0.2,39,DEF
Adrián,San Miguel del Castillo,0,0,0,0,0,0.0,0.0,0.0,0,0,0.0,0,0,0,0.6,38,GK
Rhys,Williams,0,0,0,0,0,0.0,0.0,0.0,0,0,0.0,0,0,0,0.0,40,DEF
Ben,Davies,0,0,0,0,0,0.0,0.0,0.0,0,0,0.0,0,0,0,0.0,40,DEF
Sepp,van den Berg,0,0,0,0,0,0.0,0.0,0.0,0,0,0.0,0,0,0,0.1,40,DEF
Nathaniel,Phillips,0,0,3,65,1,1.4,15.4,18.0,0,17,3.4,0,0,0,0.6,38,DEF
Luke,Chambers,0,0,0,0,0,0.0,0.0,0.0,0,0,0.0,0,0,0,0.1,40,DEF
Stefan,Bajcetic,1,0,22,522,4,61.7,90.2,77.0,0,85,22.8,3,0,2,0.0,43,MID
Bobby,Clark,0,0,1,7,0,0.3,0.0,2.0,0,1,0.2,0,0,0,0.0,45,MID
Harvey,Davies,0,0,0,0,0,0.0,0.0,0.0,0,0,0.0,0,0,0,0.0,40,GK
Arthur Henrique,Ramos de Oliveira Melo,0,0,0,0,0,0.0,0.0,0.0,0,0,0.0,0,0,0,0.0,48,MID
Ben,Doak,0,0,2,23,1,1.4,5.6,4.0,0,4,1.2,0,0,0,0.0,45,MID
Cody,Gakpo,7,3,90,1455,19,292.4,375.6,460.0,4,256,112.3,6,0,0,5.3,76,MID
Kyle,Walker,0,0,69,1953,20,199.4,236.8,42.0,0,376,47.7,7,0,3,4.5,47,DEF
Ilkay,Gündogan,8,6,132,2351,20,636.9,596.2,597.0,9,518,182.7,10,0,0,7.7,74,MID
Kevin,De Bruyne,7,18,183,2413,23,1476.7,897.8,598.0,26,742,297.6,10,0,1,25.5,121,MID
John,Stones,2,2,93,1844,17,164.1,396.0,135.0,13,422,69.6,7,0,2,8.2,56,DEF
Riyad,Mahrez,5,12,126,1913,23,803.1,540.0,524.0,11,470,186.5,6,0,2,8.9,75,MID
Jack,Grealish,5,10,121,2051,16,721.3,515.8,683.0,9,490,191.7,10,0,4,7.9,71,MID
João,Cancelo,2,2,73,1273,16,266.4,277.0,276.0,10,304,81.2,6,1,3,17.8,71,DEF
Ederson,Santana de Moraes,0,1,121,3150,32,13.1,508.4,0.0,8,581,52.1,11,0,3,15.0,54,GK
Nathan,Aké,1,0,92,1871,15,175.9,405.2,150.0,9,419,73.3,9,0,2,2.4,50,DEF
Aymeric,Laporte,0,0,40,992,10,111.2,183.0,73.0,3,210,36.6,4,0,0,0.6,56,DEF
Zack,Steffen,0,0,0,0,0,0.0,0.0,0.0,0,0,0.0,0,0,0,0.0,40,GK
Bernardo,Veiga de Carvalho e Silva,4,6,106,2196,24,515.0,492.0,424.0,9,427,143.1,7,0,5,5.9,67,MID
Rúben,Gato Alves Dias,0,0,80,1997,16,83.7,416.8,124.0,1,432,62.5,9,0,3,7.4,60,DEF
Phil,Foden,11,7,142,1832,16,707.4,684.8,717.0,15,517,210.9,5,0,1,9.7,80,MID
Rodrigo,Hernandez,2,6,108,2911,26,555.9,716.0,493.0,7,606,176.9,11,0,5,1.9,56,MID
Cole,Palmer,0,1,19,358,4,88.7,73.0,155.0,0,76,31.9,1,0,1,0.1,42,MID
James,McAtee,0,0,0,0,0,0.0,0.0,0.0,0,0,0.0,0,0,0,0.0,45,MID
Erling,Haaland,36,9,272,2767,26,371.0,1390.0,1825.0,40,1040,358.1,13,0,5,78.4,124,FWD
Julián,Álvarez,9,3,103,1448,16,286.5,434.2,569.0,14,393,129.0,5,0,0,7.7,61,FWD
Luke,Mbete-Tabu,0,0,0,0,0,0.0,0.0,0.0,0,0,0.0,0,0,0,0.1,39,DEF
Josh,Wilson-Esbrand,0,0,0,0,0,0.0,0.0,0.0,0,0,0.0,0,0,0,0.6,38,DEF
Liam,Delap,0,0,0,0,0,0.0,0.0,0.0,0,0,0.0,0,0,0,0.2,44,FWD
Stefan,Ortega Moreno,0,0,23,270,1,0.0,116.8,0.0,5,90,11.7,2,0,0,1.5,37,GK
Kalvin,Phillips,0,0,14,291,3,54.4,50.0,22.0,0,68,12.7,1,0,1,0.1,48,MID
Scott,Carson,0,0,0,0,0,0.0,0.0,0.0,0,0,0.0,0,0,0,0.4,38,GK
Rico,Lewis,0,0,29,900,8,189.3,129.4,44.0,0,168,36.3,2,0,1,1.1,38,DEF
Sergio,Gómez,0,1,21,340,6,80.5,76.2,30.0,1,83,18.7,1,0,0,0.1,44,DEF
Claudio,Gomes,0,0,0,0,0,0.0,0.0,0.0,0,0,0.0,0,0,0,0.0,45,MID
Ben,Knight,0,0,0,0,0,0.0,0.0,0.0,0,0,0.0,0,0,0,0.0,45,MID
Manuel,Akanji,0,1,82,2284,23,146.5,385.6,180.0,5,460,71.4,7,0,2,3.6,51,DEF
Máximo,Perrone,0,0,1,18,1,2.6,1.0,4.0,0,4,0.8,0,0,0,0.0,44,MID
Alex,Robertson,0,0,0,0,0,0.0,0.0,0.0,0,0,0.0,0,0,0,0.0,45,MID
Shea,Charles,0,0,1,27,1,0.9,13.8,0.0,0,3,1.5,0,0,0,0.0,45,MID
Nico,O'Reilly,0,0,0,0,0,0.0,0.0,0.0,0,0,0.0,0,0,0,0.0,45,MID
Jack,Butland,0,0,0,0,0,0.0,0.0,0.0,0,0,0.0,0,0,0,0.1,44,GK
Cristiano Ronaldo,dos Santos Aveiro,1,0,20,519,8,83.2,63.8,218.0,3,42,35.6,3,0,2,1.9,102,FWD
David,De Gea Quintana,0,0,161,3420,43,13.0,828.0,0.0,5,729,84.3,17,0,0,15.8,51,GK
Phil,Jones,0,0,0,0,0,0.0,0.0,0.0,0,0,0.0,0,0,0,0.6,38,DEF
Raphaël,Varane,0,0,77,1912,22,74.0,387.0,124.0,2,392,58.8,10,0,1,3.1,48,DEF
Harry,Maguire,0,0,39,762,7,20.8,193.0,55.0,2,201,26.9,5,0,4,0.4,47,DEF
Frederico,Rodrigues de Paula Santos,2,3,62,1228,22,393.7,316.2,225.0,2,272,93.4,4,0,6,0.5,51,MID
Luke,Shaw,1,4,124,2552,35,547.7,572.8,118.0,20,626,124.2,12,0,8,19.2,53,DEF
Bruno,Borges Fernandes,8,9,176,3317,39,1603.7,1004.2,982.0,23,748,359.3,18,0,6,13.3,95,MID
Alex,Telles,0,0,0,0,0,0.0,0.0,0.0,0,0,0.0,0,0,0,0.0,50,DEF
Marcus,Rashford,17,7,205,2880,39,462.5,892.2,1466.0,21,530,282.2,13,0,2,37.8,72,MID
Donny,van de Beek,0,0,8,162,3,40.2,11.2,54.0,0,21,10.5,0,0,0,0.1,51,MID
Victor,Lindelöf,0,0,57,1359,16,54.7,280.4,19.0,3,327,35.6,6,0,1,1.6,41,DEF
Scott,McTominay,1,0,36,1149,20,123.2,247.0,156.0,2,146,52.2,4,0,8,0.2,49,MID
Eric,Bailly,0,0,0,0,0,0.0,0.0,0.0,0,0,0.0,0,0,0,0.3,40,DEF
Jadon,Sancho,6,3,105,1683,18,571.6,433.8,426.0,8,375,143.2,13,0,0,3.3,71,MID
Aaron,Wan-Bissaka,0,0,67,1432,10,221.9,290.4,143.0,3,308,65.5,8,0,2,1.8,43,DEF
Diogo,Dalot Teixeira,1,2,102,2152,34,421.4,483.8,283.0,19,502,118.8,10,0,6,6.3,48,DEF
Brandon,Williams,0,0,0,0,0,0.0,0.0,0.0,0,0,0.0,0,0,0,2.8,37,DEF
Anthony,Elanga,0,1,23,417,2,78.8,52.4,162.0,0,53,28.7,2,0,0,0.4,46,MID
Anthony,Martial,6,3,66,970,8,179.5,305.6,376.0,4,230,85.5,7,0,0,2.9,63,FWD
Facundo,Pellistri Rebollo,0,0,4,60,1,1.8,7.4,2.0,0,14,1.0,0,0,0,0.0,43,MID
Tom,Heaton,0,0,0,0,0,0.0,0.0,0.0,0,0,0.0,0,0,0,0.3,38,GK
Tyrell,Malacia,0,0,62,1391,14,148.8,223.6,79.0,8,287,45.3,7,0,6,1.9,42,DEF
Christian,Eriksen,1,9,103,2046,25,575.2,425.4,344.0,8,426,134.4,13,0,3,2.5,62,MID
Lisandro,Martínez,1,0,81,2113,33,110.4,571.8,82.0,6,481,76.7,9,0,6,4.7,44,DEF
Amad,Diallo,0,0,0,0,0,0.0,0.0,0.0,0,0,0.0,0,0,0,0.0,44,MID
Zidane,Iqbal,0,0,0,0,0,0.0,0.0,0.0,0,0,0.0,0,0,0,0.2,42,MID
Alejandro,Garnacho,3,2,39,557,13,61.7,157.6,287.0,0,81,50.7,0,0,3,1.5,41,MID
Carlos Henrique,Casimiro,4,3,87,2122,22,418.8,644.0,299.0,10,389,136.3,10,2,7,2.4,49,MID
Antony Matheus,dos Santos,4,2,82,1803,21,421.0,322.0,633.0,4,262,137.1,12,0,5,3.4,73,MID
Matej,Kovár,0,0,0,0,0,0.0,0.0,0.0,0,0,0.0,0,0,0,0.0,40,GK
Kobbie,Mainoo,0,0,1,10,0,0.8,5.8,6.0,0,2,1.3,0,0,0,0.0,45,MID
Nathan,Bishop,0,0,0,0,0,0.0,0.0,0.0,0,0,0.0,0,0,0,0.0,40,GK
Shola,Shoretire,0,0,0,0,0,0.0,0.0,0.0,0,0,0.0,0,0,0,0.0,45,FWD
Rhys,Bennett,0,0,0,0,0,0.0,0.0,0.0,0,0,0.0,0,0,0,0.0,40,DEF
Wout,Weghorst,0,1,24,790,11,183.7,97.6,144.0,0,56,42.4,4,0,1,0.3,54,FWD
Marcel,Sabitzer,0,1,25,622,7,138.9,100.4,84.0,0,98,32.5,5,0,1,0.1,47,MID
Marc,Jurado Gomez,0,0,0,0,0,0.0,0.0,0.0,0,0,0.0,0,0,0,0.0,40,DEF
Anthony,Gordon,4,0,68,1574,18,226.6,311.2,550.0,5,186,108.8,4,0,7,0.9,51,MID
Matt,Ritchie,0,0,7,35,0,17.2,8.8,2.0,0,24,2.8,0,0,0,0.1,42,DEF
Federico,Fernández,0,0,0,0,0,0.0,0.0,0.0,0,0,0.0,0,0,0,0.0,44,DEF
Ciaran,Clark,0,0,0,0,0,0.0,0.0,0.0,0,0,0.0,0,0,0,0.0,45,DEF
Karl,Darlow,0,0,0,0,0,0.0,0.0,0.0,0,0,0.0,0,0,0,0.7,39,GK
Martin,Dubravka,0,0,11,156,1,0.0,54.0,0.0,1,49,5.4,1,0,0,0.4,41,GK
Callum,Wilson,18,6,157,1870,16,271.3,722.2,1022.0,20,526,200.9,10,0,4,17.2,73,FWD
Kieran,Trippier,1,9,198,3342,31,1824.0,908.2,123.0,39,941,285.8,16,0,5,62.4,60,DEF
Dan,Burn,1,0,129,3109,30,230.4,555.0,265.0,6,584,105.3,14,0,5,4.3,45,DEF
Ryan,Fraser,0,0,11,308,3,74.0,26.8,70.0,0,39,17.2,1,0,1,0.1,52,MID
Jamaal,Lascelles,0,0,3,214,5,0.9,42.6,13.0,0,22,5.4,0,0,4,0.1,43,DEF
Dwight,Gayle,0,0,0,0,0,0.0,0.0,0.0,0,0,0.0,0,0,0,0.0,45,FWD
Paul,Dummett,0,0,0,0,0,0.0,0.0,0.0,0,0,0.0,0,0,0,0.3,39,DEF
Javier,Manquillo Gaitán,0,0,4,34,1,5.5,12.0,2.0,0,19,2.0,0,0,0,0.1,42,DEF
Emil,Krafth,0,0,1,1,0,0.0,0.0,0.0,0,3,0.0,0,0,0,0.0,43,DEF
Jacob,Murphy,4,2,78,1230,12,302.5,275.0,410.0,2,240,98.9,3,0,0,3.2,42,MID
Fabian,Schär,1,3,139,3207,28,264.7,680.8,523.0,6,617,147.1,15,0,7,14.4,51,DEF
Matt,Targett,0,0,35,600,6,142.4,112.4,8.0,2,157,26.3,3,0,1,0.5,47,DEF
Allan,Saint-Maximin,1,6,66,1109,14,397.4,284.8,381.0,4,240,106.5,4,0,1,3.1,61,MID
Miguel,Almirón Rejala,11,4,158,2487,22,426.4,611.8,892.0,15,511,193.3,15,0,2,12.8,54,MID
Sean,Longstaff,1,5,93,2514,18,372.0,385.2,408.0,2,347,116.8,13,0,2,1.0,43,MID
Joelinton Cássio,Apolinário de Lira,6,5,115,2660,26,413.1,603.4,655.0,10,458,167.3,11,0,12,2.0,60,MID
Jamal,Lewis,0,0,2,9,1,1.0,1.0,4.0,0,6,0.6,0,0,0,0.1,44,DEF
Joe,Willock,3,7,123,2556,26,547.0,520.8,680.0,11,415,174.9,12,0,1,1.2,47,MID
Bruno,Guimarães Rodriguez Moura,4,5,107,2727,25,646.1,630.8,286.0,5,438,156.6,12,0,7,2.9,55,MID
Jeff,Hendrick,0,0,0,0,0,0.0,0.0,0.0,0,0,0.0,0,0,0,0.0,45,MID
Nick,Pope,0,0,157,3261,32,20.0,709.6,0.0,14,678,72.9,14,1,3,18.0,54,GK
Sven,Botman,0,2,129,3127,30,120.3,583.0,303.0,8,666,101.0,13,0,2,6.9,45,DEF
Elliot,Anderson,0,1,30,395,7,129.9,98.8,186.0,2,93,41.5,1,0,0,0.1,43,MID
Harrison,Ashby,0,0,0,0,0,0.0,0.0,0.0,0,0,0.0,0,0,0,0.6,38,DEF
Alexander,Isak,10,2,100,1520,20,246.1,483.4,724.0,18,353,145.2,4,0,3,12.7,70,FWD
Loris,Karius,0,0,0,0,0,0.0,0.0,0.0,0,0,0.0,0,0,0,0.1,39,GK
Garang,Kuol,0,0,0,0,0,0.0,0.0,0.0,0,0,0.0,0,0,0,0.0,45,MID
Lewis,Miley,0,0,1,14,0,0.4,0.0,1.0,0,2,0.0,0,0,0,0.0,45,MID
Mark,Gillespie,0,0,0,0,0,0.0,0.0,0.0,0,0,0.0,0,0,0,0.0,40,GK
Neco,Williams,1,1,54,1872,41,257.3,372.2,209.0,1,284,84.0,4,0,7,12.1,38,DEF
Jonjo,Shelvey,0,0,16,573,11,102.1,55.6,11.0,0,67,16.3,1,0,2,0.0,48,MID
Chris,Wood,3,0,53,807,9,82.1,145.2,169.0,7,163,39.3,4,0,0,0.5,56,FWD
Harry,Arter,0,0,0,0,0,0.0,0.0,0.0,0,0,0.0,0,0,0,0.4,41,MID
Steve,Cook,0,0,20,956,21,39.3,177.4,28.0,0,149,24.4,2,0,4,0.1,43,DEF
Lyle,Taylor,0,0,0,0,0,0.0,0.0,0.0,0,0,0.0,0,0,0,4.2,41,FWD
Jack,Colback,0,0,14,492,11,33.7,62.0,2.0,0,73,9.9,0,0,0,0.7,41,MID
Brice,Samba,0,0,0,0,0,0.0,0.0,0.0,0,0,0.0,0,0,0,0.0,45,GK
Carlos,Ribeiro Dias,0,0,1,6,0,0.1,2.4,0.0,0,3,0.3,0,0,0,0.3,42,MID
Joe,Lolley,0,0,0,0,0,0.0,0.0,0.0,0,0,0.0,0,0,0,0.0,49,MID
Scott,McKenna,0,0,40,1570,32,93.9,278.8,46.0,0,275,41.8,5,0,4,0.1,44,DEF
Mohamed,Dräger,0,0,0,0,0,0.0,0.0,0.0,0,0,0.0,0,0,0,0.1,40,DEF
Ryan,Yates,0,3,53,1833,36,103.3,215.0,233.0,0,177,54.5,5,0,5,0.0,50,MID
Joe,Worrall,1,0,61,2215,44,66.6,502.2,111.0,2,366,67.5,5,0,6,0.1,42,DEF
Jonathan,Panzo,0,0,0,0,0,0.0,0.0,0.0,0,0,0.0,0,0,0,0.0,40,DEF
Xande,Nascimento da Costa Silva,0,0,0,0,0,0.0,0.0,0.0,0,0,0.0,0,0,0,0.0,50,MID
Sam,Surridge,1,0,26,306,5,16.2,61.4,92.0,3,61,15.9,0,0,2,0.7,46,FWD
Richie,Laryea,0,0,0,0,0,0.0,0.0,0.0,0,0,0.0,0,0,0,0.0,45,DEF
Loïc,Mbe Soh,0,0,0,0,0,0.0,0.0,0.0,0,0,0.0,0,0,0,0.0,42,DEF
Brennan,Johnson,8,5,122,2930,54,374.4,480.6,733.0,15,384,158.1,7,0,6,1.6,55,FWD
Alex,Mighten,0,0,1,7,0,0.3,0.0,0.0,0,1,0.0,0,0,0,0.0,49,MID
Braian,Ojeda Rodríguez,0,0,0,0,0,0.0,0.0,0.0,0,0,0.0,0,0,0,0.0,45,MID
Taiwo,Awoniyi,10,1,100,1395,29,140.1,416.2,405.0,16,320,95.6,5,0,2,1.2,56,FWD
Dean,Henderson,0,0,82,1620,31,0.0,474.4,0.0,12,367,47.5,6,0,2,5.2,46,GK
Giulian,Biancone,0,0,2,15,1,0.0,6.8,0.0,0,9,0.7,0,0,0,0.0,42,DEF
Willy,Boly,0,1,37,684,10,11.8,155.0,41.0,7,147,21.0,3,0,2,0.1,41,DEF
Morgan,Gibbs-White,5,12,145,3151,61,980.2,611.4,628.0,11,479,221.8,8,0,6,1.3,55,MID
Moussa,Niakhaté,0,0,25,1163,22,15.6,183.4,61.0,0,141,26.0,2,0,1,0.0,43,DEF
Omar,Richards,0,0,0,0,0,0.0,0.0,0.0,0,0,0.0,0,0,0,0.0,44,DEF
Wayne,Hennessey,0,0,8,271,5,0.0,77.4,0.0,0,46,7.8,0,0,0,1.4,39,GK
Harry,Toffolo,0,0,30,933,17,93.6,153.0,67.0,1,134,31.2,2,0,2,0.1,43,DEF
Lewis,O'Brien,1,0,22,578,14,56.4,107.8,47.0,0,88,21.1,1,0,2,0.0,47,MID
Jesse,Lingard,0,1,33,918,17,151.9,50.6,127.0,0,93,32.9,5,0,1,1.1,54,MID
Orel,Mangala,1,1,50,1543,24,62.0,199.4,75.0,0,190,33.6,5,0,3,0.0,49,MID
Oliver,Hammond,0,0,0,0,0,0.0,0.0,0.0,0,0,0.0,0,0,0,0.0,42,MID
Remo,Freuler,0,0,54,2157,47,174.7,272.2,54.0,0,267,50.3,6,0,4,0.0,49,MID
Cheikhou,Kouyaté,1,0,35,871,23,83.1,162.4,81.0,2,144,32.6,2,0,3,0.1,44,MID
Emmanuel,Dennis,2,2,39,709,17,97.6,169.6,293.0,3,113,55.7,1,0,3,0.1,56,FWD
Renan Augusto,Lodi dos Santos,0,2,56,2211,48,208.9,319.2,97.0,3,363,62.6,5,0,7,0.2,43,DEF
Loïc,Badé,0,0,0,0,0,0.0,0.0,0.0,0,0,0.0,0,0,0,0.0,45,DEF
Serge,Aurier,1,0,70,1943,31,168.9,437.6,117.0,8,336,72.5,6,0,2,0.3,43,DEF
Dale,Taylor,0,0,0,0,0,0.0,0.0,0.0,0,0,0.0,0,0,0,0.0,45,FWD
Jordan,Smith,0,0,0,0,0,0.0,0.0,0.0,0,0,0.0,0,0,0,0.0,40,GK
Gustavo Henrique,Furtado Scarpa,0,0,5,177,1,17.3,15.0,25.0,0,16,5.7,0,0,1,0.0,46,MID
Danilo,dos Santos de Oliveira,3,2,48,976,18,108.1,253.8,113.0,5,178,47.1,1,0,1,0.2,45,MID
Keylor,Navas,0,0,43,1530,32,0.0,387.6,0.0,5,273,38.7,2,0,2,0.8,45,GK
Felipe Augusto,de Almeida Monteiro,0,1,25,1417,32,79.5,379.0,130.0,3,233,59.0,1,0,4,0.1,45,DEF
André,Ayew,0,0,11,306,10,17.4,34.0,53.0,0,27,10.5,0,0,1,0.0,50,MID
George,Shelvey,0,0,0,0,0,0.0,0.0,0.0,0,0,0.0,0,0,0,0.0,40,GK
Ainsley,Maitland-Niles,0,1,38,1400,31,159.2,280.2,23.0,0,202,46.0,3,0,3,0.0,48,MID
Roméo,Lavia,1,1,57,2219,50,247.5,347.6,46.0,0,317,64.5,4,0,9,0.2,45,MID
Theo,Walcott,2,2,49,1123,30,202.8,189.8,209.0,1,140,60.0,2,0,1,0.0,48,MID
Alex,McCarthy,0,0,8,540,17,0.0,106.2,0.0,0,83,10.6,0,0,0,0.1,43,GK
Oriol,Romeu Vidal,0,0,2,74,4,3.8,6.2,2.0,0,9,1.2,0,0,0,0.0,48,MID
Nathan,Redmond,0,0,1,1,0,0.0,0.0,0.0,0,3,0.0,0,0,0,0.0,53,MID
Stuart,Armstrong,2,2,57,1391,34,297.1,236.4,267.0,2,221,80.3,1,0,6,0.1,47,MID
Mohamed,Elyounoussi,1,1,62,2162,45,303.1,289.8,424.0,0,218,101.5,2,0,4,0.1,51,MID
James,Ward-Prowse,9,4,142,3371,72,1165.6,942.6,343.0,18,747,245.2,4,0,6,4.9,61,MID
Adam,Armstrong,2,1,54,1321,24,148.8,176.2,292.0,3,161,60.7,1,0,2,0.7,53,FWD
Kyle,Walker-Peters,1,0,56,2650,58,279.5,420.6,219.0,2,335,91.9,3,0,4,0.6,44,DEF
Jan,Bednarek,0,0,32,1770,40,38.7,445.6,47.0,2,321,53.2,3,0,5,0.2,41,DEF
Che,Adams,5,5,94,1987,41,336.4,340.4,583.0,9,262,124.6,4,0,1,0.8,60,FWD
Nathan,Tella,0,0,0,0,0,0.0,0.0,0.0,0,0,0.0,0,0,0,0.0,50,MID
Lyanco,Silveira Neves Vojnovic,1,1,29,1173,26,62.9,355.6,114.0,0,209,53.4,0,0,4,0.0,44,DEF
Yan,Valery,0,0,0,45,2,0.9,4.0,0.0,0,1,0.5,0,0,0,0.3,40,DEF
Will,Smallbone,0,0,0,0,0,0.0,0.0,0.0,0,0,0.0,0,0,0,0.0,45,MID
Ibrahima,Diallo,0,0,19,813,19,66.0,85.4,28.0,0,95,17.7,0,0,4,0.4,41,MID
Romain,Perraud,2,2,71,1828,35,251.8,360.6,298.0,5,304,90.9,4,0,4,0.4,40,DEF
Moussa,Djenepo,0,2,27,702,14,123.2,141.8,70.0,0,117,33.7,0,0,1,0.1,49,MID
Tino,Livramento,0,0,2,26,0,0.3,14.2,0.0,0,13,1.5,0,0,0,0.0,44,DEF
Mohammed,Salisu,0,1,33,1971,41,109.7,537.4,167.0,2,305,81.5,1,0,5,0.1,42,DEF
Mateusz,Lis,0,0,0,0,0,0.0,0.0,0.0,0,0,0.0,0,0,0,0.1,40,GK
Gavin,Bazunu,0,0,84,2880,56,10.0,633.0,0.0,3,485,64.2,4,0,0,0.6,44,GK
Armel,Bella-Kotchap,0,2,49,1881,39,76.4,422.4,105.0,5,345,60.6,3,0,4,0.2,45,DEF
Willy,Caballero,0,0,0,0,0,0.0,0.0,0.0,0,0,0.0,0,0,0,0.9,38,GK
Joe,Ayodele-Aribo,2,0,46,1219,24,137.1,209.6,366.0,3,161,71.5,1,0,2,0.3,50,MID
Sékou,Mara,1,2,32,538,10,77.5,104.8,169.0,0,90,33.9,0,0,1,0.1,53,FWD
Juan,Larios López,0,0,4,150,2,7.8,27.6,4.0,0,28,3.9,0,0,0,0.0,40,DEF
Duje,Caleta-Car,1,0,28,942,15,16.2,262.4,69.0,2,182,34.9,1,0,2,0.0,44,DEF
Samuel,Edozie,0,0,23,554,9,110.3,89.2,133.0,0,82,33.2,1,0,0,0.0,46,MID
Lewis,Payne,0,0,0,0,0,0.0,0.0,0.0,0,0,0.0,0,0,0,0.0,45,MID
Ryan,Finnigan,0,0,0,0,0,0.0,0.0,0.0,0,0,0.0,0,0,0,0.0,45,MID
Jimmy,Morgan,0,0,0,0,0,0.0,0.0,0.0,0,0,0.0,0,0,0,0.0,45,FWD
Mislav,Orsic,0,0,1,6,0,0.3,2.0,0.0,0,4,0.2,0,0,0,0.0,51,MID
Carlos,Alcaraz,4,2,55,1024,25,87.2,238.4,199.0,4,155,52.2,0,0,3,0.0,50,MID
James,Bree,0,0,4,366,12,66.2,63.8,11.0,0,51,14.0,0,0,1,0.0,45,DEF
Kamaldeen,Sulemana,2,1,45,959,20,187.3,176.6,212.0,3,133,57.6,3,0,1,0.0,49,MID
Paul,Onuachu,0,0,14,401,7,52.8,30.2,126.0,0,23,20.6,1,0,0,0.0,53,FWD
Kamari,Doyle,0,0,1,6,0,0.3,0.0,0.0,0,1,0.0,0,0,0,0.0,45,MID
Dominic,Ballard,0,0,2,24,0,0.6,1.0,0.0,0,4,0.1,0,0,0,0.0,45,FWD
Samuel,Amo-Ameyaw,0,0,1,3,0,10.8,5.2,0.0,0,6,1.6,0,0,0,0.0,45,MID
Hugo,Lloris,0,0,89,2205,39,0.0,540.0,0.0,12,456,54.0,7,0,0,3.2,54,GK
Fraser,Forster,0,0,40,1215,24,0.0,267.8,0.0,1,222,26.9,3,0,1,4.4,39,GK
Harry,Kane,30,9,263,3406,62,759.6,1342.0,1760.0,48,1008,386.3,11,0,6,32.7,115,FWD
Son,Heung-min,10,6,152,2886,55,852.0,732.6,919.0,8,471,250.2,9,0,2,6.4,115,MID
Matt,Doherty,1,0,35,663,9,110.5,147.0,146.0,2,147,40.3,3,0,0,0.3,46,DEF
Eric,Dier,2,1,96,2816,52,112.3,653.2,235.0,5,569,100.1,9,0,3,4.8,50,DEF
Lucas,Rodrigues Moura da Silva,1,0,17,145,5,55.9,65.0,60.0,0,55,18.0,0,1,0,0.2,58,MID
Ben,Davies,2,3,99,2284,33,291.8,434.0,172.0,3,470,89.9,9,0,4,1.0,47,DEF
Pierre-Emile,Højbjerg,4,5,120,3131,57,501.7,758.0,237.0,10,629,150.0,10,0,5,1.8,53,MID
Harry,Winks,0,0,0,0,0,0.0,0.0,0.0,0,0,0.0,0,0,0,0.5,44,MID
Davinson,Sánchez,0,0,28,848,17,40.0,213.8,56.0,1,166,31.0,2,0,1,0.5,42,DEF
Ryan,Sessegnon,2,1,35,805,15,103.0,148.6,290.0,0,121,54.3,1,0,4,0.5,44,DEF
Steven,Bergwijn,0,0,0,0,0,0.0,0.0,0.0,0,0,0.0,0,0,0,0.0,55,MID
Sergio,Reguilón,0,0,0,0,0,0.0,0.0,0.0,0,0,0.0,0,0,0,0.3,42,DEF
Japhet,Tanganga,0,0,4,145,5,6.2,27.6,0.0,0,32,3.3,0,0,0,2.5,38,DEF
Rodrigo,Bentancur,5,2,71,1501,24,180.2,489.6,236.0,7,342,90.7,6,0,8,0.3,53,MID
Oliver,Skipp,1,0,43,1489,28,157.5,222.4,52.0,1,199,43.4,4,0,7,0.1,43,MID
Joe,Rodon,0,0,0,0,0,0.0,0.0,0.0,0,0,0.0,0,0,0,0.0,40,DEF
Cristian,Romero,0,2,66,2363,41,136.2,546.2,91.0,3,447,77.3,8,1,9,1.4,49,DEF
Yves,Bissouma,0,0,27,998,20,137.0,129.8,24.0,0,176,29.0,1,0,6,0.2,47,MID
Emerson,Leite de Souza Junior,2,2,86,1729,27,181.6,403.6,234.0,9,402,82.1,7,1,2,1.8,48,DEF
Dejan,Kulusevski,2,7,96,2062,40,639.4,410.8,514.0,5,310,156.0,8,0,2,3.6,78,MID
Dane,Scarlett,0,0,0,0,0,0.0,0.0,0.0,0,0,0.0,0,0,0,0.0,45,FWD
Ivan,Perišić,1,8,94,2099,44,732.8,517.8,394.0,6,430,164.2,6,0,6,14.7,53,DEF
Harvey,White,0,0,1,4,0,7.3,2.0,0.0,0,4,0.9,0,0,0,0.3,44,MID
Pape Matar,Sarr,0,1,14,211,11,26.8,55.4,4.0,0,60,8.6,0,0,1,0.5,42,MID
Brandon,Austin,0,0,0,0,0,0.0,0.0,0.0,0,0,0.0,0,0,0,0.3,39,GK
Alfie,Devine,0,0,0,0,0,0.0,0.0,0.0,0,0,0.0,0,0,0,0.1,43,MID
Troy,Parrott,0,0,0,0,0,0.0,0.0,0.0,0,0,0.0,0,0,0,0.0,45,FWD
Richarlison,de Andrade,1,5,54,995,18,221.5,209.8,435.0,2,165,86.3,3,0,3,0.8,84,FWD
Clément,Lenglet,0,2,63,2018,35,136.9,422.2,130.0,6,387,68.9,5,0,4,0.3,48,DEF
Djed,Spence,0,0,4,5,0,1.3,0.2,20.0,0,10,2.2,0,0,0,0.2,41,DEF
Bryan,Gil Salvatierra,0,1,9,146,1,27.5,30.4,27.0,0,22,8.5,1,0,1,0.0,50,MID
Arnaut,Danjuma,1,0,15,162,5,25.1,53.2,71.0,0,43,14.8,0,0,0,0.0,61,MID
Pedro,Porro,3,3,59,1132,26,403.7,330.4,175.0,5,253,90.9,2,0,0,1.1,48,DEF
Romaine,Mundle,0,0,0,0,0,0.0,0.0,0.0,0,0,0.0,0,0,0,0.0,45,MID
George,Abbott,0,0,1,1,0,0.1,1.0,0.0,0,3,0.1,0,0,0,0.0,45,MID
Matthew,Craig,0,0,1,13,0,0.6,8.0,0.0,0,3,0.9,0,0,0,0.0,45,MID
Yago,de Santiago Alonso,0,0,0,0,0,0.0,0.0,0.0,0,0,0.0,0,0,0,0.0,45,MID
Danny,Ings,8,2,97,1579,26,207.1,412.2,620.0,13,317,123.7,5,0,4,1.4,63,FWD
Lukasz,Fabianski,0,0,127,3111,48,0.0,772.0,0.0,10,622,77.0,9,0,1,1.2,49,GK
Angelo,Ogbonna,0,0,44,1234,19,35.2,212.8,24.0,4,217,27.4,4,0,0,0.1,44,DEF
Aaron,Cresswell,0,1,74,2235,32,635.3,421.4,81.0,8,439,114.2,6,0,3,1.5,47,DEF
Michail,Antonio,5,3,84,1822,29,209.0,305.8,579.0,4,222,109.1,5,0,2,1.5,69,FWD
Manuel,Lanzini,1,0,17,243,5,23.7,51.6,37.0,1,63,11.1,0,0,0,0.1,50,MID
Kurt,Zouma,2,1,88,1988,29,18.7,415.0,239.0,8,385,67.4,7,0,0,1.4,44,DEF
Arthur,Masuaku,0,0,0,0,0,0.0,0.0,0.0,0,0,0.0,0,0,0,0.0,45,DEF
Vladimir,Coufal,0,2,58,2135,35,371.2,389.0,58.0,2,327,82.1,4,0,5,1.0,40,DEF
Saïd,Benrahma,6,3,106,2059,32,640.4,517.4,669.0,5,360,182.7,6,0,0,1.1,55,MID
Jarrod,Bowen,6,9,145,3232,50,686.4,630.2,1099.0,9,431,241.8,9,0,2,3.3,80,MID
Nikola,Vlasic,0,0,0,0,0,0.0,0.0,0.0,0,0,0.0,0,0,0,0.0,50,MID
Declan,Rice,4,3,116,3272,50,539.3,789.0,226.0,12,622,155.5,9,0,5,3.2,47,MID
Tomas,Soucek,2,4,100,2811,42,230.1,565.6,472.0,6,364,127.1,8,0,3,0.6,50,MID
Pablo,Fornals Malla,3,1,71,1493,28,317.9,272.0,212.0,6,282,79.9,1,0,0,0.3,49,MID
Ben,Johnson,0,0,29,860,13,76.8,161.6,20.0,1,164,25.9,2,0,0,0.1,44,DEF
Nayef,Aguerd,2,0,58,1594,28,67.9,428.2,118.0,5,320,61.4,5,0,4,0.4,48,DEF
Alphonse,Areola,0,0,7,307,7,0.0,69.4,0.0,0,42,6.8,0,0,0,0.9,43,GK
Flynn,Downes,0,0,27,752,14,42.8,68.2,51.0,0,104,16.0,1,0,2,0.3,42,MID
Gianluca,Scamacca,3,0,41,921,12,160.7,151.8,312.0,7,110,62.0,3,0,3,0.6,66,FWD
Emerson,Palmieri dos Santos,1,0,39,1317,28,204.8,233.4,183.0,2,209,62.4,2,0,2,1.3,40,DEF
Conor,Coventry,0,0,1,1,0,0.0,0.0,0.0,0,3,0.0,0,0,0,0.1,44,MID
Armstrong,Oko-Flex,0,0,0,0,0,0.0,0.0,0.0,0,0,0.0,0,0,0,0.0,44,MID
Maxwel,Cornet,0,0,14,232,5,30.7,27.8,71.0,0,22,12.5,0,0,0,0.1,59,MID
Thilo,Kehrer,0,3,67,2229,34,127.0,362.6,83.0,4,362,57.6,5,0,4,0.2,43,DEF
Lucas,Tolentino Coelho de Lima,4,5,98,2154,39,471.9,504.4,474.0,8,395,145.4,6,0,5,0.9,59,MID
Divin,Mubama,0,0,3,36,0,11.4,2.4,0.0,0,7,1.4,0,0,0,0.1,45,FWD
Joseph,Anang,0,0,0,0,0,0.0,0.0,0.0,0,0,0.0,0,0,0,0.0,40,GK
Krisztián,Hegyi,0,0,0,0,0,0.0,0.0,0.0,0,0,0.0,0,0,0,0.0,39,GK
Kaelan,Casey,0,0,0,0,0,0.0,0.0,0.0,0,0,0.0,0,0,0,0.0,40,DEF
Craig,Dawson,1,1,75,2134,31,37.2,455.6,145.0,7,390,64.0,7,0,6,0.8,48,DEF
Raúl,Jiménez,0,2,29,839,18,117.1,74.6,277.0,0,65,46.7,2,0,0,0.3,65,FWD
Jonathan,Castro Otto,1,0,45,1257,21,118.2,233.2,83.0,0,219,43.7,5,1,3,0.3,43,DEF
José,Malheiro de Sá,0,0,148,3240,55,0.0,862.2,0.0,18,683,86.4,11,0,2,5.1,50,GK
Rúben,da Silva Neves,6,2,118,3020,48,489.4,795.6,347.0,16,558,163.2,10,0,12,1.5,52,MID
Hwang,Hee-chan,3,2,60,1117,18,150.2,195.2,242.0,3,156,58.8,3,0,1,0.2,57,MID
Nélson,Cabral Semedo,0,1,75,2633,43,229.4,455.0,88.0,5,424,76.8,8,1,11,0.6,50,DEF
Daniel,Castelo Podence,6,1,92,1760,31,512.8,376.0,580.0,10,249,146.8,6,0,5,0.7,51,MID
Max,Kilman,0,1,109,3307,56,77.6,742.8,108.0,12,622,93.2,11,0,3,3.1,43,DEF
Luke,Cundle,0,0,0,0,0,0.0,0.0,0.0,0,0,0.0,0,0,0,0.2,44,MID
Pedro,Lomba Neto,0,2,37,962,15,309.5,96.8,203.0,0,124,60.9,5,0,1,1.6,49,MID
Rayan,Aït-Nouri,1,0,41,1067,18,131.1,200.4,156.0,0,194,48.9,4,0,4,0.7,41,DEF
Fabio,Silva,0,0,0,0,0,0.0,0.0,0.0,0,0,0.0,0,0,0,0.0,55,FWD
Toti António,Gomes,1,0,43,978,14,74.5,230.0,69.0,4,201,37.4,4,0,6,2.9,39,DEF
Francisco Jorge,Tomás Oliveira,0,0,0,0,0,0.0,0.0,0.0,0,0,0.0,0,0,0,0.0,50,MID
Adama,Traoré Diarra,2,4,66,1477,30,388.2,270.2,261.0,0,228,91.7,2,0,2,0.2,53,MID
Matija,Šarkić,0,0,0,0,0,0.0,0.0,0.0,0,0,0.0,0,0,0,1.4,39,GK
Yerson,Mosquera Valdelamar,0,0,0,0,0,0.0,0.0,0.0,0,0,0.0,0,0,0,0.8,39,DEF
João Filipe Iria,Santos Moutinho,0,2,56,1773,28,537.7,309.8,142.0,0,297,99.2,6,0,3,0.3,46,MID
Nathan,Collins,0,0,49,1811,37,38.9,437.0,36.0,6,326,51.5,4,1,2,0.5,42,DEF
Jackson,Smith,0,0,0,0,0,0.0,0.0,0.0,0,0,0.0,0,0,0,0.7,39,GK
Hugo,Bueno López,0,1,41,1307,29,269.2,224.0,76.0,3,239,57.2,3,0,1,3.6,38,DEF
Joseph,Hodge,0,0,5,172,5,17.4,14.4,30.0,0,17,6.1,0,0,1,0.0,43,MID
Connor,Ronan,0,0,1,1,0,0.4,0.6,0.0,0,3,0.1,0,0,0,0.1,44,MID
Chem,Campbell,0,0,5,68,2,3.0,5.6,16.0,0,9,2.4,0,0,0,0.3,44,MID
Gonçalo Manuel,Ganchinho Guedes,1,1,29,703,12,139.6,89.4,223.0,1,85,45.1,2,0,1,0.2,58,MID
Matheus Luiz,Nunes,1,1,80,2467,38,406.6,371.4,314.0,5,338,109.3,11,1,2,0.1,48,MID
Sasa,Kalajdzic,0,0,1,45,0,0.0,0.0,9.0,0,-1,0.7,0,0,0,0.0,53,FWD
Diego,Da Silva Costa,1,0,33,1235,17,144.3,96.8,504.0,3,40,73.3,6,1,5,0.3,53,FWD
Boubacar,Traoré,0,1,14,405,9,16.9,54.4,7.0,0,44,7.9,0,0,2,0.1,43,MID
Nathan,Fraser,0,0,0,0,0,0.0,0.0,0.0,0,0,0.0,0,0,0,0.1,45,FWD
Harvey,Griffiths,0,0,0,0,0,0.0,0.0,0.0,0,0,0.0,0,0,0,0.0,44,MID
Dexter,Lembikisa,0,0,1,22,1,0.8,1.4,0.0,0,3,0.2,0,0,0,0.0,40,DEF
Matheus,Santos Carneiro Da Cunha,2,0,39,961,12,95.1,143.0,217.0,6,122,45.1,5,0,1,0.1,53,FWD
Mario,Lemina,0,1,35,1297,28,66.3,216.4,36.0,0,196,31.8,5,1,2,0.0,45,MID
Pablo,Sarabia,1,0,27,764,9,184.7,92.0,157.0,3,57,43.0,3,0,3,0.1,49,MID
Daniel,Bentley,0,0,6,180,3,0.0,70.2,0.0,0,45,7.0,0,0,0,0.0,40,GK
João Victor,Gomes da Silva,1,0,21,649,18,74.3,139.8,46.0,2,84,25.8,2,0,5,0.0,45,MID
